osm_id,segment_length_km,population,aadt_curv_interaction,composite_risk,priority
4357072,1.140205509,887399,21.5492107975976,0.18301299792931128,False
637270100,0.5478540515,3325385,49.122187834352,0.6572856516238539,False
55654761,0.5653866961,600783,42.092989557592,0.13288491839398567,False
23212247,2.281312617,887399,188.131230978125,0.26131628330543555,False
30614940,3.821069752,703141,72.04110743015,0.18753219317119876,False
275299485,1.788207576,887399,15.070358276226802,0.1847285832703008,False
47418240,1.168832581,3325385,56.539092461019,0.6646926958313045,False
388985773,21.31576722,5243536,265.118000881636,1.2586242593973611,True
45095313,0.1211655283,366358,76.29258932703999,0.09942116003494346,False
102155148,2.215742977,1503456,8.67023415094,0.3028882235705779,False
103387665,0.7306809212,205424,20.498409578682,0.049207655603367755,False
116553679,3.502921322,2051899,10.226414390709,0.41738138054815677,False
124691529,12.38279434,1503456,38.488285389,0.3854114889251106,False
67200769,0.4251982233,2960048,1.737923583396,0.5664673502486541,False
38663728,2.498150784,1503456,2.2862890418134,0.30213001916130355,False
596568239,0.8211067437,209170,12.393025939144,0.04711830285074399,False
732916981,4.099072892,828655,64.526861833884,0.2102917523117807,False
157402555,1.985312533,3325385,409.53487788641,0.8196083925489233,True
80216589,0.5299185528,174302,33.846680170296,0.04751544438173337,False
263321260,4.404639825,1503456,36.392856323375995,0.32966513077380144,False
48115044,0.3915494371,19471,33.345351680499995,0.016713908200883736,False
259915558,0.3821708947,2051899,7.7511860187511,0.39487529241745095,False
109201331,0.2934576959,366358,90.611963905,0.10666234216155163,False
98123748,0.2388488987,2051899,28.433951424011003,0.402637648954376,False
124339691,4.872992495,887399,353.508714363125,0.34908465949275413,False
317104847,1.485280157,600783,52.12143384003,0.14345195152475676,False
34942238,11.51572392,5243536,45.27149455112,1.098251154731481,True
148284280,0.6032574206,1503456,2.4158391200755998,0.28915498106532006,False
29177253,0.2669094863,5243536,57.764144918945,1.0261848996479024,True
31656740,29.61094868,728402,20.335964525871002,0.34783737658523955,False
4357068,1.587693894,2960048,0.23547977081580002,0.5738255387676683,False
532958223,0.3115067721,2960048,3.359336823864,0.5663713600174675,False
151816018,0.7475730014,2960048,0.1601969661642,0.5680167845540995,False
946196369,5.321587355,5243536,72.64744362904,1.067237285138702,True
130101691,2.032752905,1275185,3.2327266051845998,0.25563406102083386,False
539934647,3.601454817,5243536,212.419395954456,1.114526410235569,True
1178699392,0.1379884746,174302,5.47421068782,0.03282014150687506,False
56243343,0.2685540399,2051899,0.0190268,0.3908236745425113,False
1089074095,0.06431640366,887399,0.310224,0.16663173843555995,False
439830685,0.4058580348,728402,22.974335298189597,0.14813068280270136,False
380038046,0.2218025593,887399,23.143602946617,0.17737215120088443,False
4935817,1.158233036,2960048,1.079080763334,0.5712292476355445,False
135843923,3.805440892,1503456,152.8817811555,0.3748144440809254,False
1082504224,0.3906135053,38302,59.68433345195,0.03145234167080296,False
23977308,6.486343136,38302,21.389597113567,0.05717138079529116,False
28775973,0.4799150112,2960048,5.850449831268,0.5685830123183501,False
235499038,0.6914277798,205424,13.4207434682016,0.04594420517439111,False
29493102,0.2946818151,703141,181.78357539914,0.20969986477868566,False
206490656,1.210908858,19471,6.0616126047148,0.010808264436817358,False
28533687,3.218565962,1503456,42.813303291792,0.324224906029859,False
846584622,1.370803701,728402,522.5985801524799,0.36608451804022973,False
621411304,6.484858549,3325385,14.2512594786,0.6833613678986257,False
938462472,0.05029390758,366358,2364.3178854369,1.0666656512516481,True
98690680,0.2839388006,887399,119.17233623062499,0.21841525435883616,False
154271429,0.4275655919,1503456,7.731357573462,0.2901950988088487,False
267606597,0.3677557735,372910,8.914547577583999,0.07387309906183256,False
53729048,0.4540601541,3325385,9.295254245412,0.639795695610682,False
53627678,0.7098682975,2051899,17.088706498686,0.401077985366814,False
29495262,0.4890710557,703141,79.78926260440801,0.16789753273471603,False
728191513,0.3342444783,109499,17.434680982520998,0.026823687587602126,False
28552791,0.4935664104,2960048,4.06757843583,0.567922808829069,False
106993209,12.84256643,697315,9.084646025832,0.221823623957881,False
62103039,0.1585710883,3325385,9.308899946164,0.6377695992957569,False
152830383,16.63008026,372910,29.42959327876,0.19437446305376335,False
30265146,30.42421981,3325385,59.009960371590005,0.8669062216337018,True
160192382,0.2319154709,2960048,0.4215853749702,0.5645815305567062,False
24636221,1.278438887,38302,8.4128286699708,0.015871743208489664,False
32806735,2.110905371,728402,73.677620213694,0.1813002886242952,False
28188700,0.7595252455,2960048,4.666178081292,0.5700047990347933,False
51339480,0.468110995,600783,8.875888524616,0.11816668247325346,False
1300589677,0.04535881337,887399,1486.54489751923,0.7951118226328941,False
4896186,6.272988901,2960048,2.849046866862,0.6071483966300872,False
47409980,0.8443982238,887399,577.5611575737599,0.4161469957164516,False
28868605,1.6195227,5243536,113.20239872865,1.0589337459890495,True
4910276,0.2309371103,2960048,1.2888630539819999,0.5649416225309647,False
370822568,0.6063978497,1503456,45.679530225555,0.30747517165240223,False
199028571,0.1296697382,887399,15.651240987174399,0.1735696871817229,False
35116100,0.9314172172,5243536,0.24124224,1.0064246445352474,True
831635292,0.9141357525,600783,1.2475008,0.11800721201743715,False
35776890,0.5486549435,3325385,20.4035377576,0.6451444610680837,False
82162396,0.917949146,3325385,29.113712793796804,0.6513678466644985,False
23959195,0.5072744882,5243536,8.5735050345685,1.0070322896213901,True
88191025,1.120647686,728402,20.5939141919524,0.1520389710011741,False
92512309,0.3859503522,828655,6.480152845295,0.16020810543471145,False
513164628,1.083412195,5243536,132.47944572351298,1.0634006200443604,True
30069089,0.4976595828,703141,155.136577980528,0.19982511651702645,False
80482765,1.316101924,3325385,1.6042451222979999,0.6424703917901204,False
68453926,30.81637541,3325385,42.545931982814,0.8626392526237313,True
130503865,8.164964206,1275185,2.1375177155921,0.2973376861329389,False
1293303904,0.3233983871,2051899,35.211905715502,0.40608580547408635,False
23212320,2.546117482,2960048,0.7889019932219999,0.5806500078275126,False
80677124,15.04796233,3325385,299.434172157984,0.8628632827430776,True
1304736613,0.1362088517,651813,77.66998213485999,0.15474949146493297,False
1391081455,0.6945183104,2051899,0.6797440010799001,0.39403218109092303,False
22979738,0.4732337451,2960048,0.810951139404,0.566405588652254,False
22952883,4.23247403,2960048,4.846952595534,0.5939622535846371,False
547223474,7.770248356,5243536,75.775349039128,1.0853979460457202,True
109340334,3.669861461,5243536,160.358850214012,1.0929775239263826,True
687923745,2.608830379,1275185,9.178067864319999,0.26210994751273303,False
166905339,4.540585315,1275185,26.364705952389997,0.28266242540240993,False
90610186,0.8415883849,728402,5.703920667936,0.14382228118849896,False
27086361,115.5126272,3325385,11.422560652411999,1.4318712615462001,True
166220880,1.118760639,372910,8.1512715319851,0.07871439314319127,False
23747127,0.2523446425,2960048,10.399570585320001,0.5689422465270069,False
1010879848,1.211257369,2051899,3.6739447621228,0.39885183982605604,False
55822155,1.92378209,600783,10.3100400934422,0.12878287737005092,False
68310849,1.092362549,2051899,15.87828378027,0.40319617150286546,False
85049443,10.00328391,2051899,10.233232061708,0.46208262751721224,False
94081019,0.2088063621,3325385,2.780173659536,0.6353536738205421,False
553976430,0.2919858424,703141,237.57119874567,0.23327698281818787,False
25845123,0.7708305698,887399,101.794761643608,0.21441332953869546,False
26302583,1.722216255,887399,426.79110981068004,0.35841417385705926,False
23520669,1.629537455,209170,180.39959506338,0.12373652975936271,False
173056931,4.365317262,5243536,19.691236524244,1.0382636022860763,True
799533700,0.2774466307,2960048,1.073349387684,0.5651702827838712,False
369348565,1.245323033,697315,21.5013933191408,0.1473293674870149,False
127012099,6.279452274,2051899,3.5792080825875,0.43366213682789645,False
28957488,1.077661599,3325385,1.7822126844350001,0.6409060797897018,False
113778936,0.3777136345,109499,0.01782456,0.0197560468513478,False
247106404,1.083828523,2051899,1.9219232131200001,0.39723457607796564,False
211228422,4.084422186,5243536,70.275624814432,1.0577270087712227,True
372150049,2.066117121,205424,16.55588274015,0.056722987550198285,False
28819598,2.232617627,887399,108.64898296134899,0.22736402535502534,False
222494313,1.073677421,3325385,23.9982627118846,0.6502750737074892,False
269944886,0.2159986985,2051899,3.1081337964888,0.3917688422596145,False
389682614,0.1906907446,2051899,17.988063684822,0.3978883587907651,False
782901154,10.69788963,1503456,172.157565201768,0.4303616946215311,False
163214932,0.6505606267,3325385,8.657074950719998,0.6408769682487216,False
53456183,1.180525986,600783,16.73056023402,0.12638762589041963,False
157402436,2.186495483,3325385,12.573063955936,0.6530947855071578,False
84883410,0.8332352064,2051899,4.979046150837,0.39680444988050834,False
23519600,0.148344957,209170,1.5324159945599998,0.037898649556205415,False
31888590,0.5265748143,2051899,33.981329157804,0.40696242649014386,False
225520527,28.24790543,121033,12.0845969601,0.21871106566125625,False
191850306,3.744916251,2051899,56.569312042047,0.43864636931836054,False
31536714,4.539985457,887399,49.49172985875,0.21820929221302962,False
31759712,1.723654869,38302,17.543619740317,0.022795090474998014,False
237456935,0.1714686699,600783,62.21711103608,0.13868782326426984,False
13752930,0.5563648331,2960048,1.231344422952,0.5671550293883239,False
732015271,1.314430035,5243536,351.41955948263995,1.1575909892001661,True
497536845,1.450834745,251881,8.8111482292668,0.058109337656190745,False
108422456,3.194694974,1503456,23.820081556544,0.3160274834374528,False
23907787,0.2049888494,2960048,3.279095173158,0.565604973523897,False
1009021143,0.177457928,2051899,1.6415382179040001,0.3908835208450267,False
57743591,1.885211643,697315,5.2411250975244,0.1448520633192111,False
202390943,1.231557151,703141,151.7286189848,0.2034301939238457,False
91362842,0.1862266544,703141,12.0034648567557,0.13714474287181072,False
13752595,0.7416445367,2960048,2.4139252811520002,0.5689292444690554,False
770972272,5.565713066,1503456,35.323337319850005,0.33719664598578497,False
97677545,0.08048426428,2960048,3.1918407790499996,0.5647119394893627,False
246869360,2.602928042,2051899,13.824625282106,0.41271464923659346,False
149096526,1.977307655,728402,343.462093845936,0.2944883344478096,False
108179548,2.863781327,5243536,38.987365603975,1.036100004182163,True
85049429,2.035504045,2051899,4.82791429701,0.405007674345464,False
266119608,0.5603245278,2960048,2.1174297074279997,0.5675570316230469,False
72472581,0.8021965224,3325385,68.250860912124,0.6671251522702192,False
5707692,0.6778616997,2960048,1.5133737481379999,0.568109762523226,False
166219950,0.4422516995,372910,45.5006484933,0.08985963016659043,False
23520149,0.6462294551,209170,13.2002134607175,0.04625720032811726,False
155436839,9.009044048,1503456,7.1360154203749,0.3489520107222782,False
115233269,0.1411061744,5243536,18.762351067483,1.0088238346996614,True
91734406,26.55787384,703141,18.2850742355363,0.32114061474376376,False
28788664,0.2378708396,2960048,1.299056791368,0.5649936123411409,False
28951497,0.7312728076,3325385,0.11812249999999999,0.6378203754727838,False
20528779,0.4981449161,2960048,3.167278863336,0.567573505712135,False
23241531,0.5789903576,651813,16.1730874443312,0.13178376309522194,False
31536627,2.222812447,887399,324.20844593125,0.31846856285587954,False
45095282,1.323694502,366358,176.27489487504,0.14997811503299113,False
124692807,1.943505035,205424,1.3374383681915998,0.049443153859911604,False
58494774,2.255112828,703141,42.79547873994989,0.164394636835167,False
628700841,0.9925172906,728402,12.49272541968,0.14773147093667843,False
903548635,2.219482843,5243536,46.9988466686484,1.0350581187064298,True
29354754,1.06667756,3325385,14.909696876256001,0.6463828859456462,False
133256157,4.724451577,5243536,100.58712733566401,1.0749484376941354,True
29671193,2.460083101,703141,104.48952206234699,0.19189787781086592,False
1297142511,2.20533097,1275185,14.483427974669999,0.2615792982683166,False
705703226,0.06080496928,2960048,0.6028973699826,0.5634816123383171,False
30265735,145.4392202,1275185,8.69585981248,1.2440488499078208,True
208719904,2.129067271,174302,97.6540370172,0.08549929407232537,False
53728264,2.484491733,3325385,14.1880920317384,0.6558269777201995,False
681683031,0.05953463846,1275185,2116.696324151,1.1359657196102708,True
158171558,0.8309883349,2051899,33.443470511082,0.4088281714177544,False
108782088,1.835231155,205424,89.66535010135199,0.08605736672675143,False
311852376,0.2096954822,2051899,134.155188936696,0.4471525116492933,False
250252317,2.728878428,3325385,54.5232957802,0.6745674285617039,False
579458299,2.559732953,728402,711.1435161074401,0.4540059681021482,False
152948619,0.2238415493,19471,3.371822204032,0.0028832452293245385,False
364051677,0.6894823601,5243536,159.43527676773,1.0720929496900518,True
27421930,0.1112956451,2960048,0.49660408271879997,0.5637838434708338,False
587032745,0.2943236228,697315,95.053216197016,0.1718991359286243,False
884700472,0.9619013069,887399,94.798174406308,0.21276794508354657,False
51774810,2.241720733,5243536,21.2240869630367,1.024309468378896,True
333003198,4.832663695,366358,337.529663893205,0.24231031365773303,False
23525865,4.363461454,209170,11.559788838923,0.07112413119504844,False
4196131,23.52739709,2960048,1.01424958908,0.725018634921993,False
1121139516,0.1870601633,2960048,2.77846166493,0.5652699452557021,False
388995187,0.4674057151,828655,8.064394630565,0.16143827898953095,False
32686458,2.167083027,3325385,9.2783845977974,0.651567798643059,False
157508590,5.745612881,3325385,337.460836221792,0.8149812206394297,True
290794347,1.137550708,3325385,58.910750188836,0.6654806972554808,False
28833618,1.558169798,3325385,1.8242112528385002,0.644227955921061,False
23976154,1.898488265,5243536,80.144293213408,1.0468699012190836,True
639286550,0.4909873678,2051899,0.46107411450839997,0.39254015624082217,False
117892485,0.07114438657,2960048,14.13302469348,0.569275344655619,False
28063499,1.109256989,5243536,28.179453533954,1.019464129178107,True
38363414,3.909704874,651813,81.116694989653,0.18215494036678928,False
556852184,0.2043043737,703141,492.93540771756,0.3406816383889948,False
340081624,8.925602106,121033,0.481778383308,0.080937878141183,False
4357042,0.5454767181,887399,58.778783974912,0.19466990716982996,False
824717249,0.8018100266,651813,60.178018657339,0.15192804257812273,False
28296718,0.1600723166,2960048,0.5953119547284,0.5641609948895072,False
887866209,0.1454152485,2960048,0.5880058853592,0.5640571185333632,False
218689672,0.2097717527,2051899,0.018666,0.3904193180210564,False
106522339,0.4758451832,887399,219.684220258976,0.26224686553616267,False
4935813,1.377345735,2960048,0.824980968126,0.5726284568072655,False
23959201,1.68319463,38302,20.467757680153202,0.023753653102594984,False
320478659,1.416950615,3325385,7.0773867801,0.6454787492400317,False
36077386,1.064549205,366358,39.218226112503,0.09022734893772011,False
164906835,1.77114419,887399,247.741367174617,0.2830206258079375,False
64977572,16.49358845,3325385,27.500954890240003,0.7577882997695897,False
36983709,3.522181367,307079,0.0681995443265,0.07922074009821009,False
154516680,1.259061088,1503456,2.8374980676372,0.29384281854226413,False
165278162,0.1669057476,2960048,0.066633,0.5639843761000252,False
48115051,0.5547790379,19471,8.4227158738478,0.007295167537729585,False
555235462,0.8275253872,703141,102.530553527418,0.17984338565086522,False
316442748,0.5921726223,828655,46.358358056082,0.17849283687653153,False
563380806,0.3408599658,703141,54.296863863061,0.15609625217304626,False
389006906,7.035081268,600783,38.488074990608,0.1758476829166341,False
56659469,0.1118915053,828655,31.045362735744,0.1687135772227662,False
102644000,1.242831871,3325385,0.6169073753086,0.641548966351085,False
229686836,0.137159283,19471,347.59366361074996,0.147877554860183,False
28341622,0.7482436808,2960048,18.318267610859998,0.5757014437887112,False
43313787,1.183650667,174302,8.076843361114,0.04111121219340622,False
93819227,1.665550173,3325385,186.88586243007302,0.7232390918841984,False
855632867,0.1606785602,38302,12.831854331695899,0.010054750770437926,False
560428378,0.1603871115,2960048,27.16666118586,0.5754016455197603,False
246746767,6.101797773,2051899,17.455036996209998,0.4383093851035522,False
297410934,0.8712641338,19471,10.356565957329,0.010289341748887713,False
53309957,0.4164717014,600783,1.476864,0.11468214113798428,False
98430126,0.5713183186,3325385,36.6085392237,0.652154287958302,False
25776002,0.3202462922,887399,5.8488595700204,0.17073417979889338,False
471355614,0.1974060818,2051899,129.31343957420998,0.44502016391323024,False
53728427,0.1342423077,3325385,272.5463396484,0.7489399087760411,False
31131639,0.5084918697,703141,1098.63907752758,0.5989587374968328,False
364060598,8.1784007,1275185,175.28769373554,0.3706648185197521,False
174726550,0.7143971182,3325385,22.994624251631997,0.6473800650328713,False
154271433,0.6550528299,1503456,6.5678806028502,0.2912672680628999,False
237448564,0.1582854582,3325385,7.9339455619856,0.6371860913379159,False
170096380,1.21614232,2051899,47.9657335737,0.41761886535146187,False
149843782,0.5997954675,3325385,166.8056367995,0.7074176233123856,False
1015247355,0.7126087174,366358,24.184253184059997,0.08144861030333371,False
28788771,1.400427443,2960048,0.7302293490156,0.5727470975977932,False
4794394,0.863721816,2960048,1.400226423792,0.5693399339266629,False
28531652,0.3231911837,3325385,9.154422530524,0.6388362374341205,False
152843425,1.123569,372910,4.683718978776,0.07728083799675357,False
620730423,0.08214920393,3325385,106.54459302065001,0.6783704266399003,False
661151779,0.01191384164,3325385,504.157539641,0.846059866821472,True
103277317,0.4643904696,1503456,1.1445106,0.28766237715441245,False
25653893,23.40222959,251881,11.93146391901,0.21037319757472392,False
108398742,1.41496228,2051899,11.4994204031568,0.4035623977459109,False
384278394,2.042657205,1275185,10.1398573872135,0.2586235715960331,False
226363213,5.604951639,3325385,12.638067549083999,0.6766285671708702,False
52252195,3.068992073,2960048,0.9308579881860001,0.5843054849567676,False
172525197,2.3787263,2051899,56.319715517163,0.4291464860356976,False
16852930,0.5778375434,2960048,0.14805567131459998,0.5668444994877966,False
4372918,0.5133635625,651813,68.164314492576,0.15332244575518922,False
184104933,1.678997817,3325385,18.433933404824998,0.6520839697989516,False
908051871,0.04886441012,1503456,787.1977957574,0.6172702971018358,False
692110980,2.289895851,5243536,60.157785481727,1.0411079382671338,True
47244775,0.2247392139,3325385,0.3553544,0.6344376431728248,False
57847575,0.4062369027,600783,12.348866396121,0.11921013189836263,False
80729012,2.147712591,2051899,20.552956510996,0.4124302384107281,False
75612286,0.6771817893,3325385,2.19327373856,0.6383261257380889,False
79143073,0.4346121735,2051899,27.369858867945,0.403533710248813,False
560915405,4.901832428,5243536,52.873212564256,1.0559873188501125,True
199028571,0.1296697382,2960048,0.48312278770559997,0.5639044870398366,False
588420890,4.943628577,19471,6.945282340865,0.036849271746958664,False
109201321,2.538703765,366358,121.77595769623,0.13528226828353157,False
28104114,0.4962936775,38302,15.115451379516,0.013328395753128976,False
389124570,0.6124258313,828655,54.892287682437,0.18224157229371585,False
1344564680,0.4660247509,1275185,26.613292229608,0.25474971547351677,False
219896536,8.855169978,5243536,85.881614961122,1.0971326753476112,True
245271328,2.185452268,2051899,35.974699444782004,0.41921245114858335,False
153136158,0.9481783329,19471,4.3954673390852,0.008296949221693556,False
112964308,0.7413630218,5243536,15.218470076331402,1.0114524711672774,True
664980582,27.25451735,5243536,61.808573353824,1.2134700674130372,True
129283926,7.372499447,1275185,10.807199074035,0.29555535585070686,False
90967359,0.1190134414,703141,24.644677462146003,0.1420292300323433,False
1364228811,0.2947349896,1275185,6.517509096,0.24507226508387936,False
5067172,0.5977429774,2960048,7.012335936018,0.5698846568956852,False
692493532,3.636579859,207010,5.457677577279,0.06313149439764623,False
150874613,1.6740578,3325385,25.372738974948,0.6549848035907256,False
158630864,0.323658828,2960048,1.5775095515760003,0.5657012882294196,False
4948197,0.7567923723,2960048,0.0248976,0.5680229540524635,False
28535463,26.40482183,3325385,21.283237071247,0.8233109770184356,True
23489197,0.9079940991,2960048,12.43714256064,0.5743124821613417,False
867866302,2.123474823,1275185,184.48150252622,0.33291797384387445,False
28956724,0.1403420594,3325385,84.00834557752,0.6692387580750447,False
28375814,2.107869424,366358,53.080114864425,0.10326447461806823,False
28854022,0.5345095636,2960048,1.8074380121699998,0.5672484079527934,False
99453576,2.218654386,3325385,86.38528912945,0.6845351718415065,False
1078181380,0.2297072068,19471,4.2857451582740005,0.0033101274952919775,False
194060239,14.92972902,2051899,5.660634447024,0.49402427830556805,False
4943114,0.3993186649,2960048,0.5013545354622,0.5657663818511675,False
157386148,0.8482186185,1275185,21.08079803712,0.2550377941811394,False
27751246,1.848285072,3325385,104.706418524312,0.6897374198478671,False
274202207,3.004553935,1275185,121.013181116005,0.3121322810559741,False
25937030,0.6338900538,3325385,125.00739526836,0.6899732906838709,False
51996833,0.5380787289,3325385,54.86644735208,0.6596479971927746,False
922436204,0.2596893805,828655,59.18612430017,0.18163215479836733,False
142228440,4.316351145,1503456,0.5628453999999999,0.31390354879521887,False
28321133,1.14707852,2960048,1.651545906402,0.5713946729902598,False
47108201,0.9989668941,3325385,46.322758962936,0.6592036007778438,False
206474865,0.5748616138,121033,0.860237604342,0.0236758551254296,False
53728472,1.078572979,3325385,11.868844358535998,0.6451785383785658,False
78136501,1.058264203,3325385,27.424116532636997,0.6516180701170794,False
118251175,1.058876273,651813,77.924808832713,0.16120179835371767,False
36495831,1.740802054,651813,115.28183308727401,0.18169125781723727,False
152843298,30.05017195,372910,14.185624875804,0.28020736143597486,False
247777159,9.481931434,3325385,53.61819085896,0.7206205452933326,False
110390569,2.960100207,366358,642.50718753536,0.35842580829406434,False
41802911,0.4475126072,2960048,0.2647068049038,0.565997685914749,False
154520875,0.7339401812,1503456,0.7090992914148,0.28933171911827255,False
1288106036,0.2733551523,109499,1.18004484906,0.019530014828258082,False
118535170,0.4646972185,2051899,49.598747404878,0.4131424040584025,False
43449056,1.085620357,2051899,1.8557379098837001,0.3972189038366746,False
405582505,0.9748646624,887399,400.50693649775997,0.3421581457740857,False
109037239,5.064339208,38302,28.301230076160003,0.05031658263458995,False
30705201,0.9477116795,651813,10.27062966069,0.13182272273780815,False
96383808,1.36522236,174302,11.170674564290401,0.0436683028876987,False
37729738,0.551459294,3325385,46.259089413518005,0.6560994804086698,False
107030067,2.756840523,977234,24.98983555344,0.21278105366886998,False
2679610,0.3980637451,1503456,143.654622689774,0.34748166531384167,False
544227906,1.781631151,5243536,24.6156411409443,1.0225802349632578,True
125571011,3.147523728,5243536,117.411997408392,1.0712211916523147,True
28422653,0.3280426092,2960048,0.377445808929,0.5652238593649763,False
319768659,0.9912446288,2960048,1.196308917636,0.5701305695411221,False
4970567,0.5327509196,2960048,1.821259120002,0.5672421607178438,False
28296729,0.1529126173,2960048,1.7314395421259998,0.5645922936234842,False
186255468,0.9031678359,2960048,4.00223383875,0.5707117082523867,False
4794370,0.5855160075,2960048,1.17137810328,0.5673301181937164,False
259050024,0.5185557949,2051899,18.25861219336,0.4002572830625797,False
43323900,1.369169652,174302,1.4116290549,0.03956780814398798,False
455553996,1.006737913,5243536,57.451766920688,1.031140050920967,True
48811097,4.749277527,887399,15.6515857287648,0.20533558527379012,False
1291050586,0.2762624361,2960048,1.5570897346619998,0.5653667403376789,False
908997429,2.402250841,5243536,11.2393849435677,1.0211902395714003,True
233576853,0.7332150794,2051899,2.1841671550167003,0.3949345745596306,False
23520512,0.8107681166,209170,5.147549261563699,0.04398270061650898,False
161964181,3.135071351,5243536,37.895442182089994,1.0375036379293108,True
27276449,0.1469314789,2960048,2.021044855074,0.5646736556209806,False
921326553,0.6099172391,2051899,1.4903949324084,0.39379330867879037,False
23518792,0.4160567435,209170,93.600720064883,0.07868026582341456,False
911226737,0.02505096873,887399,72.607485208356,0.19694022883185178,False
28312347,0.273860487,230998,19.562136465011,0.05056584691160116,False
686558017,1.661426436,5243536,55.344228429644,1.034750483546734,True
206474849,1.121797258,121033,0.0455965479578,0.02709218543748463,False
4990014,0.2240200039,2960048,1.34485233477,0.5649177394655637,False
1017404592,1.748886913,19471,5.4961046402332,0.014268371884532076,False
94507662,0.4519780667,703141,84.463366637662,0.16961940651674856,False
32834724,1.60669412,3325385,164.115187264956,0.7132034089621478,False
762983076,1.485455728,2051899,3.2374034555634,0.40055266928858413,False
88521252,10.95198051,3325385,78.03026125395999,0.7410542338425721,False
133117359,2.267263159,1275185,1.1577398917802,0.25636899491609516,False
165193727,0.4260652405,2051899,0.42666358662070003,0.39207917890838645,False
28817564,4.004079215,3325385,9.201887089772999,0.6641671579549944,False
337410401,0.2884209476,251881,0.6380310999048,0.04665938488070347,False
170314091,0.3235134061,2051899,1.1758560109725,0.3916908776993695,False
550428767,0.937286157,697315,18.235422773229597,0.14382985860644568,False
229319847,0.2025065253,19471,16.48369090765,0.008282270384887038,False
23004631,20.46349131,887399,99.565632932164,0.34888290942587524,False
564504389,6.240681677,828655,13.389396452948,0.20338922190155642,False
91661834,0.2643285013,703141,383.316690406791,0.2947305928714619,False
239063465,1.04346064,2051899,41.601138769344004,0.41373951900281364,False
530040094,0.6795254259,651813,45.896236329825,0.14504662670109514,False
247340762,4.304869759,1275185,197.841661012055,0.3535686193749078,False
46872232,2.843556272,3325385,119.025659568928,0.7026375861052911,False
124006450,6.242312907,1275185,6.33273436064,0.28589137064055803,False
1353194532,0.7875455393,1503456,34.20472698511,0.303867469450189,False
28260672,0.5178372685,2960048,4.185340242258,0.568139510181683,False
530281038,0.4205510074,2960048,0.142650351522,0.5657606658054781,False
32687155,2.055468953,3325385,119.019144258688,0.6972157152727626,False
836159854,8.437918953,3325385,22.914484722948,0.7004553279173784,False
334814826,1.091363606,38302,14.049213913769002,0.016969297284188993,False
55269214,2.794181555,600783,29.659248488828,0.1429518396796303,False
29336099,1.648660164,366358,232.432878254798,0.17596497438728298,False
153136133,0.9241922108,19471,48.50974049525,0.026790367801162077,False
31009925,61.76437326,1503456,25.6627497418,0.7195488084429451,False
23172010,0.2144157721,2960048,2.669650962258,0.5654120282575772,False
166490681,3.835967307,2051899,33.436871891698004,0.4294884804852882,False
24636322,5.262525956,38302,19.903999542178003,0.048127720779721425,False
630175329,0.08598669666,3325385,12.56022879384,0.6386456540499197,False
171980879,2.705784152,5243536,13.432083747936,1.02420483495362,True
25612872,0.5354127992,251881,0.970495610305,0.04849838945478918,False
248442790,0.4454197545,2051899,5.168861374875,0.3942180025584852,False
4794436,0.6005125663,2960048,5.278173186174,0.5691702285149544,False
80731825,5.06943199,2051899,4.944968168167,0.42591934432345585,False
157554424,4.826541021,5243536,6.7100683643856,1.0359446590879295,True
37334825,1.067332832,3325385,18.629060435748,0.6479605153381564,False
4960406,2.465809754,2960048,2.596479638634,0.580862312854886,False
45652152,0.428170258,3325385,100.505261439336,0.6781954012474766,False
28316152,2.002015989,3325385,7.26484770692,0.6495811146265157,False
207272564,18.86756198,121033,16.574534373108,0.1561081668892137,False
245824782,3.818075962,2051899,70.918252431734,0.44521839316059325,False
25800032,1.610734188,3325385,12.168283226580002,0.6489644811395654,False
151324871,2.428944312,697315,3.6682464,0.1479256686223227,False
485773059,0.2130257504,366358,3.245992234621,0.06915739114056298,False
4896142,10.56792867,2960048,0.8249574526619999,0.6358255393822191,False
674668140,12.57186637,5243536,47.671407854032,1.1065285495056896,True
1123799169,0.1236326037,2051899,2.3339121648126997,0.3908062454775026,False
49040124,5.999771625,3325385,3.249380032054,0.6753724703092108,False
18329100,3.976325099,2960048,3.172240882398,0.5914925720820359,False
23519796,1.001699571,209170,129.400187025144,0.09784887929292121,False
194245163,23.33737946,2051899,17.559949567202,0.5568705770028454,False
27905622,0.6295942049,887399,37.143018377247,0.18609736716157912,False
59471366,0.0919959635,230998,590.81983249784,0.29093161435939013,False
887866211,0.04295077608,2960048,0.0729372,0.5631346924454136,False
251446498,8.306177438,2051899,2.8347208335266,0.4472835975405443,False
29339571,2.424059763,366358,88.597528619544,0.12046095942742877,False
1061169996,0.08964346558,2960048,1.184490319782,0.563925901803997,False
4270604,4.032763265,828655,29.092347035812,0.1948485817038098,False
620642399,0.7006615499,3325385,246.629552737182,0.7418731348727872,False
24375212,1.19239138,2960048,0.6568722217848,0.5712855550072088,False
10587290,2.62883136,2960048,1.66925911719,0.5815911237309496,False
160452789,0.2438716043,1503456,13.6002485977915,0.291414243121931,False
104660762,17.57593499,697315,25.632795554991898,0.2613707512374318,False
1190057624,0.4161503387,251881,77.90893554135,0.08021980720759984,False
23961512,0.1129565421,38302,772.3710069569901,0.33097751120991314,False
98461318,0.744710892,600783,32.150288775792,0.12991268777726597,False
53144589,0.19882352,2960048,2.340161364324,0.5651654521607841,False
99453423,0.6926345418,3325385,198.13057616190002,0.7213050524004643,False
13845345,0.6380522938,2960048,0.016758,0.5672030204246851,False
127522020,5.08405499,5243536,7.1588101060432,1.0379051968093231,True
95484714,0.2401119373,3325385,47.483941453259995,0.654476623745367,False
105702256,4.845657048,5243536,88.496489856575,1.0706680853571227,True
149848410,1.031660179,3325385,143.970547949954,0.7007290334619858,False
144905294,0.6158018947,2960048,0.5096856185946,0.5672585064981186,False
23213762,1.449971917,2960048,0.5272531002984,0.5730019298287748,False
106212239,24.34769239,3325385,25.480504781344,0.8109408186455822,False
127134136,4.327782745,3325385,202.456576473056,0.7481310809526388,False
368461882,0.3916464729,2960048,0.4215852792102,0.5656798868428102,False
680843931,3.70466721,2051899,22.253967347271,0.42385575743070864,False
104373669,5.878733099,5243536,5.4079012914495,1.042629076423567,True
23961567,0.1053147819,38302,16.405788607453,0.01118566700746423,False
27906261,4.975884514,887399,15.708194123258702,0.2069177429200319,False
116426162,3.262868552,3325385,45.972219255144,0.6746225773986412,False
132397229,0.2522663087,703141,7.5025232036005,0.13569515458970824,False
56197677,3.072278108,2051899,9.2096245542672,0.4139900975232061,False
166219968,0.2997321548,372910,47.167944317620005,0.08958481594022287,False
246729116,3.369156558,2051899,0.6218028,0.41239925668956023,False
4970426,1.634201527,2960048,3.315857604738,0.5754481999552753,False
90967351,0.5824781734,703141,233.880367833592,0.23371343613811957,False
593153959,0.3115919045,703141,66.415306674937,0.16102055299641221,False
108110343,1.028782888,38302,29.20433737799,0.022948910074693865,False
106768827,0.3799383526,5243536,14.234319753110801,1.0085509598180573,True
142871867,1.933742923,728402,226.979598099436,0.24492191246215675,False
153751844,0.7022389358,703141,74.0072380483,0.1669177999968392,False
348821523,2.398516508,19471,18.30547070516,0.02415319779140393,False
106393064,2.815115055,5243536,20.8126948495295,1.0280782923437857,True
23087112,0.817683104,887399,43.556547508588004,0.19010335500173642,False
912288621,0.2163209418,887399,112.736558577489,0.2152282499286234,False
46990641,0.4798850666,2960048,8.16223515828,0.5695605876602972,False
124826624,0.1392893429,366358,40.408262014752,0.0843683275952927,False
166189567,2.11740847,2051899,2.8173543316819996,0.4047204962713269,False
246788025,1.547699478,2051899,61.071013894534005,0.42544169209280946,False
79143071,0.5031300782,2051899,36.950116440012,0.4080568772755569,False
51125781,0.1534778444,887399,60.35426287846,0.19264076686938278,False
28741520,1.020719986,5243536,0.48480740000000005,1.0071417331785546,True
88617173,10.14430652,728402,51.95358826242,0.22735197749906377,False
1154967595,0.3476290044,728402,11.950473247452,0.1430676852495155,False
28812119,1.606712521,3325385,24.689501443712,0.6542327393205067,False
24204934,1.406595688,366358,525.3143117079001,0.29817614706833406,False
243498720,0.2907540696,2960048,2.3628329321519996,0.5658071821233652,False
389124437,1.346851214,828655,6.516825564464599,0.16683104713644184,False
114943205,5.831375047,5243536,53.614084921878,1.062692477036618,True
108706525,3.764899577,1503456,234.10392936741,0.40888898707586097,False
46715617,1.557797689,3325385,19.216379331604,0.6515815022941304,False
56872246,2.876736488,2051899,21.355859380482002,0.4177828082901775,False
907198460,2.301106653,1275185,36.273054017279996,0.2714539115201639,False
4813922,7.935377093,1503456,7.6233003388882,0.3417752674415989,False
859189065,0.7270950424,372910,1.254682650333,0.07310424080434902,False
222917340,2.012085728,205424,20.370309945968,0.057964783348140966,False
190596438,0.135054624,366358,361.59967936050003,0.22018873641150183,False
6059794,0.5621933707,2960048,3.742949937888,0.5682574042945187,False
23961412,0.7988866822,5243536,25.6926072111164,1.0162781094709679,True
28933168,0.7949365561,651813,53.66521437966001,0.14912615524000447,False
903548620,1.764267378,38302,23.922091560640002,0.025772160559502037,False
99210252,5.640507881,2051899,12.297169142807201,0.43295587689532183,False
23961659,1.107993684,5243536,37.6127172651,1.0234452887444228,True
2679609,5.147419319,1503456,19.535261264785,0.3276426915328146,False
31303886,1.999415255,1503456,58.838230235862,0.32261949857797906,False
42759920,3.503498915,2051899,17.7447991016079,0.4205652909309944,False
4277150,0.1949892418,2051899,13.8422970479157,0.396164443610954,False
23949677,22.45391431,38302,23.742069562112,0.16796398435499998,False
47094136,1.308606634,174302,65.67308496000001,0.06633106589825517,False
203433923,0.6798055836,3325385,9.57081857732,0.641464537456387,False
30077625,1.316319008,703141,64.88352064346999,0.16728146901583602,False
54927938,9.109490103,1275185,4.926095979288,0.3050119611781238,False
866621022,0.1202589582,307079,0.424928737025,0.05597902324348071,False
586653093,0.1129230816,2960048,0.1374544855824,0.5636431300611264,False
207272563,0.8497662121,121033,0.30523376036,0.025331436565623918,False
324469119,1.256143476,205424,4.9328789459047,0.04623736772095078,False
83005204,7.381606366,3325385,199.412839886244,0.7678426870764553,False
47414598,1.17108629,887399,545.3063169874,0.4047510495432727,False
159664741,0.4659024321,703141,26.5282008166207,0.14521118422822088,False
83020113,0.3249108056,2960048,1.449209211114,0.5656556319122998,False
342896064,1.093449179,828655,1.7719695882811,0.16308172109921068,False
4948651,0.3265545504,887399,89.890968220164,0.2063235904112783,False
622275194,1.546424337,3325385,114.26656057556,0.6917052488240316,False
169542555,7.116512357,372910,53.821329897720005,0.13927304084141992,False
791215986,0.06254672729,697315,7.632886576742401,0.13333050251856274,False
23213934,1.590343926,2960048,10.629959218200002,0.5782401585944061,False
109729822,0.8209763335,2051899,7.482556298376,0.39777902657168207,False
89463488,16.70762961,3325385,15.219105111992,0.754065438135116,False
29369627,0.5823115783,2051899,7.2646818539421,0.396045747953911,False
152947843,0.8279142007,19471,4.6130738781725,0.007562016228900875,False
13845243,1.036886464,2960048,20.707113903419998,0.5786966091857837,False
245824798,1.534451909,2051899,43.551828735786,0.4179407703814148,False
153147575,0.8140874208,19471,1.317410675126,0.0060730219585832905,False
104091025,0.2166949382,2960048,0.039979799999999996,0.5643154677944358,False
167433014,20.32641614,372910,2.565151386798,0.20842908102512891,False
88191120,1.612317966,728402,17.904963816064,0.15428253219988777,False
4928819,1.712536005,651813,167.31602722168898,0.20350501686214142,False
53309220,0.8048132016,600783,14.42749534512,0.122830023790633,False
396411283,0.5792185546,1503456,18.237151236452,0.2956813865655506,False
1320022131,0.0760546195,887399,318.861133204375,0.30144516552677825,False
4910954,1.07911085,2960048,1.356879578502,0.5708026771283249,False
23949741,1.367510369,5243536,17.867412460222,1.0168784240032773,True
1291907136,0.09050501591,2960048,0.213628685361,0.5635211952529717,False
112703219,4.629042702,366358,51.23286331478,0.11981948310616636,False
18578523,2.325743625,2960048,0.18195492039060002,0.578877942460187,False
142225508,16.62285131,207010,18.321827806296,0.15786979036979487,False
53309255,0.3211141641,2051899,5.411160849954,0.3934657233379929,False
97521822,1.451079828,1503456,7.017902858593,0.29693131791003496,False
110167512,8.519379559,5243536,12.330063074264,1.0637146844299197,True
361824458,4.754590746,1275185,83.392901416866,0.3082543508684354,False
247465139,0.3432420672,2051899,5.4726709750846005,0.39364389718349724,False
55510069,15.79309171,2051899,9.180612774975,0.5014498011292156,False
5172516,0.3601649649,2960048,0.3730863243954,0.5654428980588785,False
54233873,88.36026759,5243536,91.892459813723,1.6463749183716125,True
29369541,4.834205075,703141,45.049759198029,0.18308267644226323,False
263319788,5.546411589,651813,71.929343311961,0.18952356996947298,False
25800034,0.3732575283,3325385,1.9787096617339999,0.6361455041190157,False
124469938,2.643699125,697315,19.171108146722002,0.15595939797562205,False
55334443,4.151700619,38302,49.149479483301995,0.05285888922706938,False
114649489,1.51751342,5243536,2.6541298296891997,1.0114753536147472,True
28908326,0.374088335,5243536,0.221379547097,1.0025838897638666,True
56095992,1.88339994,2051899,5.5152084370742,0.404252457275766,False
269944852,0.4459598011,2051899,3.7928680801820005,0.3936397327787566,False
230545603,1.242564364,828655,4.881553004069,0.16542229398397712,False
98123577,0.2319800504,2051899,0.5114650564875,0.3907804605090878,False
444682435,1.89594793,2960048,1.6048994029319998,0.5765243851400504,False
38572319,4.675787772,1503456,6.4384418820019995,0.31886025158770315,False
82698668,2.376761732,2960048,2.567195249892,0.5802376070555086,False
36759381,0.4288929753,703141,30.704665377579598,0.14672315328003785,False
33278524,8.662406723,2051899,5.1110162309034,0.45069590320148945,False
98839907,0.8630847799,3325385,5.667263682262,0.6410737897352016,False
38569953,3.457943553,3325385,19.41465322342,0.6647313128950089,False
1301675273,0.2041378738,651813,56.943481118632,0.14645021295087712,False
383905206,0.3215652288,2051899,17.902274427353998,0.398752004399945,False
906374689,1.041158318,5243536,92.9922646024,1.0464087680580108,True
639286550,0.4909873678,600783,1.8906395121324,0.11536954073659747,False
556777689,1.416130507,2960048,0.4230896577978,0.5727251701042387,False
105866067,1.23489391,5243536,29.532352158192,1.0209002600827324,True
76158294,4.374264152,3325385,47.29493976616801,0.6828243046116911,False
29840348,1.674810334,3325385,11.527719338699999,0.6491341574318624,False
243879781,0.73050008,3325385,617.002024124574,0.8987292157079667,True
152830383,11.19619964,109499,11.842985910819,0.09914858081797945,False
102925202,0.5536474049,2960048,0.4039654579632,0.5667863994690313,False
5073937,0.89070535,2960048,4.151831332488,0.5706892856272767,False
183111742,3.585325839,205424,25.499546071850002,0.07095227125253431,False
229354573,0.540156221,828655,69.25361825165301,0.18781882276947715,False
47061858,8.766054516,3325385,12.02031078463,0.6981039367113836,False
246666110,4.297333227,2051899,33.097701322476,0.43251751139185013,False
948221295,1.524254737,5243536,312.253115015785,1.1424681592331933,True
166903528,4.73630901,2051899,8.691222922859,0.42521319218899345,False
28341482,0.444250795,2960048,0.0088578,0.5658670441301342,False
31406520,0.6062244931,2051899,0.5939397379992,0.39338875605448886,False
23921366,0.8431925063,2960048,46.230897760320005,0.5881601267619936,False
4302981,1.30222722,1275185,12.871309466659,0.25468744340369714,False
49426091,0.5987109785,2051899,1.8148803388986,0.39385349394396985,False
336769860,0.147993776,5243536,169.102961330714,1.072458514278587,True
108227172,1.24145588,5243536,11.085866174456,1.0131433479057963,True
125117826,1.288444639,5243536,44.250257266672,1.0274935024094192,True
55688276,2.889959351,600783,14.912017215161999,0.1373730196054634,False
48995065,0.07373717591,2960048,0.046683,0.5633352842421795,False
373748555,0.6014681211,2051899,21.48810658335,0.40219334299333237,False
47402473,5.487474225,205424,40.27173055584,0.09027996067158309,False
114813863,0.8026028357,38302,64.83223832111901,0.036462631138637236,False
4709154,23.32544887,887399,74.69414894919599,0.3580430335936463,False
170245270,0.2601526125,1503456,1.1482386406407,0.2862595556804599,False
27926548,5.148879457,2960048,1.278293310966,0.5987543385419516,False
1107307400,0.1670823843,5243536,373.42991034616,1.1590108854203387,True
976910580,0.9269632837,703141,70.433712269853,0.1669516285397937,False
301760209,7.126805443,2051899,9.673149397125,0.4420662441904478,False
29369536,0.7841259532,703141,240.968033182218,0.23809778805209905,False
24620627,1.195115261,2960048,3.6959281876859995,0.5725896692266255,False
183110639,0.264963158,205424,36.277759863988,0.052679201961391794,False
591962064,0.1709322427,2960048,1.282730230866,0.5645264178886724,False
153736547,4.173411693,1503456,122.13191928215001,0.36433890819782205,False
27299476,1.795951705,2960048,5.743342411716,0.5775871576445205,False
339191446,1.457219775,174302,16.523207477162,0.04656478434096497,False
75533431,9.536067296,3325385,68.781171028825,0.727406057902148,False
849739467,1.621525846,372910,0.11771018,0.07877371611641189,False
827101979,0.1059304747,38302,876.64939479932,0.3750342673871883,False
673840441,3.055775619,5243536,0.5418353107788,1.0211594814673104,True
4483518,4.423782871,2960048,0.4360002743628,0.5934121137132714,False
170214416,1.677484534,2051899,1.3746752064030001,0.4010852643115876,False
4990114,0.9399340358,2960048,0.9882138966420001,0.5696897283034714,False
52016331,0.2806178486,2051899,43.153031726194,0.40915037343228455,False
4864466,0.600839504,2960048,1.496799114174,0.5675731254202951,False
91583574,0.2964785356,703141,49.6113659293,0.15380931773564308,False
740856808,9.805529151,728402,7.713805345776,0.20631100779718928,False
28874254,1.563507141,5243536,53.248724797632,1.0331908584843394,True
34754315,4.782102535,5243536,47.789843873109,1.0530139852625822,True
513354004,4.764660489,1275185,45.272371480482,0.29220032315050587,False
13752595,0.7416445367,651813,34.80226862112,0.1407815260514589,False
789925251,0.1582837942,600783,23.12301985344,0.12206211746407909,False
455483996,0.6530786879,5243536,112.31651338959999,1.0519135092355443,True
3573993,1.338293963,366358,186.44162630052,0.1543785753984111,False
25776055,0.3379244866,2960048,1.1325970125959999,0.565611205002784,False
311151526,3.375180413,2051899,5.951903315904,0.41469507131316474,False
242185816,0.7111801763,600783,0.8514588722067999,0.11644412315390082,False
28341298,0.3482942997,2960048,6.219473186304,0.5678340307239077,False
151460763,0.2118954149,697315,6.7935315453823995,0.13400245762553753,False
721696097,1.189819703,1275185,10.783214990720001,0.2530313268982499,False
4372939,0.2549969523,2960048,0.966542832486,0.5649707379655479,False
114444358,1.359111079,728402,2.1249321699816,0.14586716491738996,False
98102474,0.4823333144,2051899,35.75938251083,0.4074102458305009,False
109756027,0.522124092,366358,18.93272659379,0.07791762358816412,False
45179937,1.038391965,2960048,3.6173127021780003,0.571478743936215,False
23927299,0.5314584318,2960048,3.009653409,0.5677359105509084,False
391856984,2.169536307,1275185,31.300570214558,0.2684460588932808,False
27299116,1.766059741,2960048,30.45023243598,0.5878315154959474,False
27034714,69.9322853,2051899,7.9699747700402,0.8732144274181872,True
27421977,1.460599439,2960048,1.301152784652,0.573402332497736,False
824409135,0.1371788363,2051899,0.03311944,0.38992626139714465,False
153147602,0.8010758462,19471,4.3616361100755,0.007271121110957715,False
28472322,11.04229851,230998,4.1632756064152,0.11809969921711307,False
25776155,0.07781577509,2960048,20.40240711558,0.571972885919851,False
29100808,3.104868502,38302,45.175207551,0.04397963206818199,False
179079135,0.908049447,209170,11.591713320616,0.04737722668466967,False
104625957,0.3222394868,38302,510.05268619117,0.22146774576009348,False
170174838,0.7886349897,2051899,14.568460708604,0.4005536571520624,False
303418230,15.81231117,703141,35.423057183441,0.25449963039550655,False
544331561,4.67141705,703141,134.516635170403,0.21980376502608245,False
50815080,0.781577745,3325385,32.929970041287994,0.6520442229024002,False
99339649,1.123972177,1275185,3.164294168768,0.24935607942240873,False
53397092,0.336978885,2051899,0.278478960544,0.3914039200624957,False
863256907,0.1580969276,703141,227.49871281953602,0.22809611545589492,False
53309255,0.3211141641,600783,21.959603074501,0.12268971294875627,False
172917568,0.07623196953,2960048,0.1019761720614,0.5633758256865595,False
908667377,0.1761779528,5243536,254.49993746828198,1.108771398030199,True
1059031389,0.2137973402,2960048,0.26068347236399997,0.5643888908069248,False
117996488,0.617025097,2051899,0.26947240611,0.3933257890218705,False
124180466,6.156340647,1503456,10.5892685375065,0.33079657217572567,False
908035864,0.321688443,828655,14.953025843952002,0.1633498663747088,False
559948201,1.788675675,703141,114.83546968608,0.19165695784130032,False
892600481,0.0132409236,2960048,2.192746711008,0.5638269830629979,False
102309160,0.5697291149,207010,12.103930066401,0.044854012275791874,False
98123767,0.963504415,2051899,3.0270927092494,0.396874629898078,False
309649480,5.4715174,109499,6.373910837432,0.05747084581155685,False
30328381,0.5698551494,703141,10.563078570303,0.13917346414296794,False
4893540,1.372010186,887399,6.6765897824032,0.17831650360291798,False
53764419,0.390919389,2051899,6.468099554175001,0.3943927616976075,False
56461782,4.127229033,251881,150.473836653122,0.13642994250857202,False
98737792,2.999991591,3325385,31.7717352205,0.6668087935243008,False
221302166,0.2445552304,3325385,22.691784057175997,0.6440212092464475,False
43449057,0.5546381287,2051899,0.778536417708,0.39311210946633734,False
142815162,0.6964239944,2051899,46.318365568923,0.41334837001816577,False
95783372,0.05627795395,2960048,3.2143263003599998,0.5645550002995464,False
30411912,1.300574282,2960048,0.19720305411660002,0.5718350323770625,False
98683744,0.5422594309,3325385,94.44957528844,0.6764186282624756,False
570205217,0.5073723399,703141,1.9472681,0.13509971392727516,False
238072265,5.358564449,828655,49.343055494868004,0.212530311251926,False
355386446,1.969600923,728402,365.905687405492,0.3039279716964124,False
32836879,19.83300117,828655,8.045154095328,0.29459354721010306,False
486279167,0.2865072606,3325385,0.2578048,0.6348211189387449,False
1059058003,0.2660527279,2960048,0.955801865004,0.5650422177131716,False
42530164,1.286381846,366358,54.63538017448,0.09827349697572442,False
92787403,1.462279361,828655,13.089034860209999,0.17040451331452297,False
104432199,1.685675251,251881,3.2754524497728,0.057382818126466575,False
880247497,1.256598516,2960048,0.36536511595500004,0.5716037673487682,False
97936211,1.916100189,2051899,3.3965832994404,0.403581230421717,False
135066146,6.597632096,1275185,61.696127197558,0.31175087350680997,False
42274752,12.80072138,1503456,41.409073360414,0.38952063748155447,False
20516599,0.6389975187,2960048,3.3650208398099997,0.5686256846979569,False
111486703,0.294958457,19471,3.564281172043,0.003453667038032053,False
112953880,0.2275480519,5243536,0.8994768000000001,1.0018630412645888,True
343547555,0.4995217074,703141,31.764698179600003,0.14765716297634499,False
53309190,0.4248691152,600783,73.050296986368,0.14501222820265494,False
71936818,0.2636580452,2960048,1.891721473824,0.5654216030991693,False
4263573,0.2201592505,2960048,3.44520072771,0.5657795447476495,False
30565248,33.38492674,3325385,6.991649022956,0.8652634874952637,True
4357049,4.300271961,2960048,0.856668846684,0.5927407410520596,False
100222868,0.1477051875,251881,0.4616601,0.04561718582547889,False
344925068,0.6684578701,2051899,11.686026080040001,0.3985081444546883,False
543586633,4.023424975,5243536,236.50964720818797,1.127617091570649,True
974994534,0.5508742907,174302,13.9768916650892,0.0392555149228529,False
72472581,0.8021965224,230998,44.121966660881995,0.06458654140171356,False
7971852,0.3903930668,2960048,0.7762801876200001,0.5658212880601245,False
670345762,0.7263174444,2051899,56.449752277242,0.4178390470260738,False
79301610,0.4936859984,2051899,11.023325414699999,0.3970260701958084,False
1121558255,2.008106941,3325385,101.516359405556,0.6894871494279717,False
246354005,0.5445560325,3325385,2.1801630897064,0.6374086076610606,False
715837088,0.2725260027,1503456,4.536023849593,0.28777751949150027,False
682228595,1.082978804,5243536,63.61831227730801,1.0342724766454907,True
494337715,1.334330361,728402,140.959985783084,0.20441775087514097,False
28996747,1.795065653,651813,46.756582173839995,0.15308128986793737,False
30328426,0.4108250384,703141,0.16921683,0.13368379116260123,False
105561196,0.2608710344,38302,3.8733905296899,0.006954675656678623,False
53844080,0.2512033615,366358,892.7311522935,0.4456321405894077,False
317318138,0.6350697294,2051899,199.565255352729,0.47774302445175815,False
46887056,1.751051075,3325385,19.183925185099998,0.6528966415332305,False
25862680,133.9770907,3325385,56.970346479961,1.5781028905196801,True
55806183,0.3941014899,887399,36.599772188723996,0.18424828278664765,False
112499237,1.526670246,1503456,18.044442489625,0.30211482985554744,False
1390769262,0.3032765584,828655,8.25525919989,0.1603904068168691,False
47108001,1.795380748,3325385,9.478476980952,0.649096496910102,False
29451510,0.458970679,3325385,7.00162818134,0.6388593610948264,False
23172186,2.434030987,2960048,6.734120683752001,0.5823938290331131,False
144484202,0.9287066071,828655,18.771928387632,0.16913912198721243,False
1343674544,0.8855766982,3325385,15.59696676356,0.64542826857559,False
338372697,15.31482662,1275185,50.942770159846,0.36714462458429026,False
275712981,2.434355246,1503456,55.756400694525006,0.3243067957652798,False
150602882,6.344029679,5243536,143.690271280858,1.1043158145617185,True
186593866,0.5316343942,728402,23.772213445354403,0.1493330238192007,False
1022506651,0.2512423838,2051899,0.02119942,0.39070555353493447,False
11625686,0.2565493703,2960048,0.058254,0.5645972475011815,False
27753151,2.973967907,887399,63.40957218209401,0.21332752649548314,False
570844294,15.69346974,728402,8.848455732396,0.2472780874272112,False
11436992,1.252971134,2960048,2.739340386048,0.5725829092258263,False
50612573,3.891862368,205424,1.3340832999999999,0.06283920040841436,False
206667349,5.551455902,19471,12.834495255916002,0.04351973958333627,False
723678785,2.733788781,5243536,24.382191668239997,1.0290288061457924,True
141922197,0.3119884425,1503456,8.662865704541,0.28979434313289754,False
1017404625,0.4666345107,19471,40.76611015975,0.020368861950710155,False
116310102,1.002824853,38302,9.7928161868543,0.014560214484600034,False
23518788,0.948285362,209170,72.596136810366,0.07345602863620632,False
59260201,1.11628277,887399,82.18380956358,0.20849420728669527,False
556482013,2.197119164,2051899,7.922504629575,0.40742785897274464,False
1369600138,0.05823567402,5243536,0.0003779357,1.000318522246887,True
153735565,2.990661315,1503456,69.1353703818,0.33379081897832474,False
95378308,1.794628785,2051899,1.7931187679647,0.40206776469777455,False
116305152,0.5275102612,38302,30.11886145862,0.019888817836436607,False
124166490,3.76750515,1503456,7.2168487753395,0.3129438700699019,False
921165989,0.3932949056,3325385,12.024036585036,0.6405320085157106,False
28322905,2.205320113,366358,395.73099679015996,0.24886049020104975,False
836159854,8.437918953,2051899,40.010026000962,0.4639129726919961,False
1079803308,0.2527049303,2960048,7.373535304841999,0.5676648471041089,False
41443647,0.2469311454,2960048,3.43099136814,0.5659576260794228,False
7980946,2.750523389,2960048,0.385031270148,0.581884742497682,False
8426141,0.4728165849,366358,61.92432594756799,0.09576208449888789,False
32834747,1.043362083,3325385,28.5353149999,0.6519855858417791,False
158880872,0.138254869,703141,187.298465211,0.210956778518145,False
190380770,1.842920758,728402,331.34760217332797,0.28844036619959845,False
550903150,1.747972309,2051899,11.827355209743999,0.4059909721953916,False
5235848,0.5041168403,2960048,7.3033982868419995,0.5693639629269319,False
273536976,0.3997400266,2051899,6.6251843601755,0.394519854749576,False
33973931,18.7970592,38302,28.048865268239,0.14463997742933438,False
39160971,0.5479499986,307079,31.431372485790003,0.07203428146787749,False
246869356,0.2361651187,2051899,5.097731727255001,0.39274902283444973,False
142814884,2.384709039,2051899,65.687169353026,0.4331496368586201,False
149583259,5.411405406,92828,5.76198306311,0.05360748744585337,False
4947832,1.940461384,2960048,1.6707571515180002,0.5768583273234222,False
28312329,0.6225711758,230998,0.34455046759679997,0.04483550713094286,False
28531650,0.2825348466,230998,224.84691205392,0.13745172425724456,False
24224171,0.4053634454,5243536,27.72113146185,1.0144301050230635,True
682906525,2.602340949,5243536,7.701663173156,1.0210698194787458,True
56826635,0.5379333761,2051899,20.793671456019002,0.40146274497156553,False
80677211,11.60344972,3325385,36.7628514396,0.728079664702641,False
587353903,4.808424286,697315,16.9772118104046,0.16991675149735597,False
158030064,1.330105172,2051899,12.916696867571702,0.40357834007684656,False
357048138,2.965639946,697315,0.13652496,0.15012238284255902,False
4243613,2.445110362,2960048,1.5845737452300002,0.580291987184917,False
151460833,3.616062053,697315,7.3899318319424,0.15766273736125316,False
251433105,0.05520724975,1275185,1492.425175713,0.8718973362551181,True
157475875,5.063065368,3325385,6.49472885231,0.6703040452144312,False
101325103,0.8280041195,1275185,19.4591164614,0.2542128950783805,False
713354191,1.119999293,5243536,315.139962847556,1.1409093893231628,True
886802457,0.3011292453,887399,15.7652937343088,0.17479693126779133,False
1304505949,0.1067807645,2960048,11.14353585072,0.5682559712778166,False
134381163,2.23574941,887399,70.125323385096,0.2110917845160471,False
172100020,2.848996272,2051899,21.196115992092,0.4175244943128878,False
29493810,0.6021891168,703141,66.15478133379601,0.16290859253166234,False
252993720,0.250056508,828655,98.171023130425,0.19805477574145247,False
154078403,0.2580792054,703141,0.07448418,0.132593399216239,False
55824443,0.6456680467,600783,16.2972781947918,0.12252652999250542,False
79175471,0.6030888424,2051899,8.5229875444581,0.3967208251302671,False
94080239,0.2739220564,3325385,93.591811019128,0.6742106675523037,False
42408060,4.594710062,3325385,26.8283835248,0.6756837210520815,False
842173722,2.187189903,1275185,17.840161412916,0.26287430238936865,False
43323977,0.5169963195,174302,7.47123449244,0.036270959772422805,False
281840277,0.6031352417,1503456,3.353824076851,0.28955086639059974,False
88790183,7.180161608,207010,104.31866626490199,0.12931193521773415,False
23949811,0.5403611921,5243536,162.69356072181398,1.0724456572465484,True
53309815,1.304891219,2051899,2.2516993802072,0.39889414726961664,False
157490180,12.89197543,3325385,144.2142386384,0.782387043711513,False
140195426,0.3257826932,2960048,2.0981247404039998,0.565936089354304,False
82173699,19.7437398,158218,0.526259035764,0.16246333893386916,False
180786797,0.2175307359,728402,3.4527517387040003,0.13857893800498133,False
1395884803,3.383240005,2051899,12.4872905686798,0.41751466634705936,False
4893540,1.372010186,2960048,0.2060930932368,0.5723300062929094,False
351436786,1.191603077,828655,9.02850394845,0.1668258433043954,False
423519140,1.990301924,703141,50.8975240345,0.166000521740666,False
863483957,0.08899807305,703141,450.5787444444,0.3219737949882513,False
135629085,5.281652326,1503456,13.557339241167499,0.3260373240761171,False
92512281,0.8329604537,828655,40.320092104006,0.17759464828120608,False
52977445,4.005941644,703141,9.456023602110799,0.16233274901464953,False
28738600,0.1692706656,2960048,0.1507673023668,0.5640362229836243,False
23519700,0.1142358289,209170,46.731897294888,0.05678145368517508,False
36952897,10.9759885,1503456,16.719601916864,0.3665307128776093,False
22770730,0.6443729222,2960048,0.997464319026,0.5676612775620177,False
29451526,0.4468296904,3325385,623.0369830262599,0.8993311327615726,True
169686361,2.192459797,372910,4.489806093124,0.08454882222001156,False
51339462,1.328790973,600783,9.361836437665,0.12429049974948439,False
34403875,43.66725022,19471,10.5097569790344,0.3046316479985901,False
131355990,18.24381369,3325385,60.1881030166,0.7836485460451311,False
1254891492,0.0596354186,651813,7.3463800120912,0.12447922873611397,False
52132459,2.047665188,2051899,2.0217938717668997,0.4039044350940314,False
158149166,1.106703242,600783,14.476846825761,0.12492678002377508,False
198485701,10.45633105,2051899,14.272925908813,0.4669065188623921,False
39277068,7.0346607,828655,3.8894052708989997,0.2048307809761641,False
7978474,5.300469958,2960048,2.315265564612,0.600235311079952,False
98259719,0.1912226383,3325385,584.912447943138,0.8814485409645989,True
28324280,1.0348847,366358,134.533944631992,0.13033763056529718,False
124826156,3.417454803,366358,16.28773784096,0.09670803926724988,False
170593001,0.6291234916,2051899,1.105122523604,0.3937624234907832,False
157191812,5.506618896,1275185,54.416842217271,0.3011699425921134,False
439964384,0.9594976708,728402,95.4565676519,0.18259439353154572,False
162565188,0.7036616488,2051899,51.51301557885,0.4155952416018397,False
696234201,1.683185638,5243536,362.781951756887,1.1649324398727816,True
1121236786,0.2111281923,5243536,8.6301934110844,1.005019879119744,True
23297574,0.1084654247,2960048,51.25056712734,0.5852310264028701,False
28773282,2.415838966,1503456,39.47906833287,0.31729489277750617,False
336769860,0.147993776,38302,57.049994741309,0.028669811778935773,False
970786929,0.7524977362,2051899,0.6894025,0.39443494941499224,False
236957684,5.037220208,828655,22.589408190888,0.19900506589737166,False
1180181184,1.225281229,1503456,3.9927091345855996,0.2940991408529585,False
664388147,3.057925051,3325385,67.8203860988,0.6824541191468694,False
630175317,0.8789280654,3325385,4.6519078819159,0.6407532828740445,False
46990639,0.7044375369,2960048,3.9103208706659998,0.5693063064861017,False
33048853,19.43919413,38302,17.387178464896,0.1445460678177496,False
1268189897,6.146105221,5243536,2.2790450093457,1.0431442385350895,True
8294763,2.153390368,366358,123.702770134132,0.1334476975325699,False
194238832,11.99710966,207010,8.343198905825,0.12184134853291205,False
178321574,1.085605926,728402,4.5878487717816,0.1450281677777102,False
2679607,3.88823561,1503456,18.3284920079161,0.31847377292861184,False
4361078,0.7365805767,2960048,11.17719174012,0.5726008909167237,False
89993886,2.882859588,2960048,4.798999035096,0.5846616341784499,False
246802256,0.4263458847,2051899,2.9745484970273997,0.3931587494564269,False
55949422,0.4343343564,887399,436.16550519099,0.3535232751299954,False
259436897,0.3537137556,703141,161.003280757519,0.2013166550868885,False
42272290,1.026334933,121033,0.0403797607295,0.026433552558494403,False
24247758,0.2767190067,2960048,0.6834944187666,0.5650003883089093,False
23649510,0.3178719316,2960048,1.8592569082500001,0.5657806623286037,False
38860877,2.779573919,887399,274.60040028779997,0.30131504212101257,False
91900398,0.9261370207,703141,163.388230025436,0.20626152845893442,False
254467490,0.3377302404,2960048,4.945891495566,0.5672227214209925,False
179463859,1.075724866,828655,49.977613794675,0.18334866367555586,False
9222801,1.111909268,2960048,0.7418314442028,0.5707680707803641,False
242185816,0.7111801763,2051899,1.1833002248925,0.3943597345162204,False
219864904,1.393510959,3325385,17.90459260538,0.6498969926670932,False
10852610,1.186678937,2960048,4.833107570844,0.5730126343841776,False
150868685,2.991767043,3325385,45.215064544924,0.6724381630242036,False
1235566347,0.02024064109,1503456,0.7393124999999999,0.28443689456785753,False
49068526,5.922970074,1503456,12.670471300572,0.33007210416444,False
331175318,1.799131811,2051899,2.6305421298225,0.4024529212295357,False
23172177,0.3257495769,2960048,1.128727934334,0.5655258503746529,False
561765490,1.285022463,703141,107.217008547833,0.18497142693121288,False
158171521,0.8559498881,600783,50.10645458472,0.13827224990218598,False
246374519,19.07295032,3325385,30.7880825252,0.7769150412984172,False
936978147,4.661049608,703141,35.128646708214,0.17769582512693594,False
692673236,0.3803840503,2960048,0.042693,0.5654421887865011,False
27237976,1.446174503,3325385,10.485690252508,0.6471212602249589,False
48115059,0.2044595037,19471,4.507275730254,0.0032302144960321432,False
99142680,0.3095034766,3325385,81.54156144827999,0.6693586218759912,False
90799013,1.047849279,728402,1.6647168889944,0.1435321888547767,False
26599298,1.887022693,2960048,0.3045349232184,0.5759130169352673,False
550853127,0.5692085101,2960048,2.39262237669,0.5677345145671303,False
4302957,0.8820990543,1275185,2.348476713952,0.24734783613824815,False
991822074,0.2788204931,2051899,14.013701812569,0.39681338792298015,False
55527473,1.172468828,600783,12.978636322410601,0.12474532743519683,False
1254891492,0.0596354186,2960048,0.4743818781072,0.5634192138966622,False
104656418,6.120423671,697315,13.678425636825601,0.17754319851959335,False
108351544,1.206517268,2051899,4.5951504169296,0.399208874100042,False
53309173,0.3533975655,600783,0.4670912621049,0.11382133676601773,False
47402478,16.63634419,1503456,18.560682115634,0.4062316413104082,False
1068670943,3.634239167,703141,62.122244399124,0.18205225922990623,False
95344666,6.187384282,828655,39.952571858848,0.2142577625285194,False
166219964,0.9098733644,372910,4.2144592410440005,0.07561292955316994,False
229485088,0.428349322,19471,85.923059390487,0.03920496113239492,False
28441556,1.195195293,1503456,19.767835864845,0.3005644306183259,False
80676892,4.148605228,3325385,400.83743309474403,0.830805187441615,True
95783377,0.2310939448,2960048,1.5291419272920002,0.5650443281299766,False
981658075,0.546146397,207010,4.3716563792106,0.04142144661526018,False
844761247,0.3030726153,2960048,3.084434993682,0.5661970932147972,False
73955302,13.60825339,3325385,59.335850711852004,0.7514126353009862,False
31406903,0.7267457721,2051899,6.423979848153601,0.3966833398778594,False
28503068,4.088613384,1503456,35.124088717700005,0.3269554103900247,False
26948964,0.410365688,887399,31.1889708859375,0.18207159442440427,False
56002402,0.3830001688,600783,0.18380249999999998,0.11390507437439978,False
180345594,10.88244119,2051899,24.044830293494,0.4739696509681826,False
1326465508,8.532760749,372910,13.13479675108,0.13180299810740667,False
641919099,0.5604841375,1503456,6.976215385492,0.2907896937785122,False
16853495,0.2263579442,2960048,4.503087112188,0.5662696071243785,False
99204002,37.62252982,1275185,68.750028876941,0.5280704798053263,False
4794437,0.6077335046,2960048,1.0680500268900002,0.5674391889656399,False
4243928,1.053835876,2960048,1.130373841254,0.5705330773925483,False
4308773,1.920592197,2960048,9.74397141102,0.5801363077166785,False
34387011,0.5635144784,3325385,9.7320144393272,0.6407330649603032,False
53728963,1.707079567,3325385,15.382370102872,0.6509863939207153,False
41782550,0.2042100496,2960048,11.0227551273,0.5688748382585378,False
23088387,0.9043081376,2960048,6.458426196978,0.5717584082258893,False
70416779,8.33945783,2051899,1.5444176921368,0.44696670287764567,False
61015145,7.738402305,251881,1.2306689096549999,0.0981382593055616,False
52336398,0.2773858525,3325385,3.31415127602,0.6360510946506092,False
26036876,0.526440909,887399,48.003986377446,0.18998175654791194,False
245615970,13.69520514,3325385,2.4901192251784,0.7279673520596976,False
455487235,0.8895399374,5243536,39.54147194116,1.022758914436891,True
1017404626,0.1290259079,19471,81.53774913492,0.03529193815398515,False
37936127,4.146929968,3325385,9.7390786336104,0.6653766487023495,False
227670575,1.345732809,2051899,25.741713414918,0.40911020555961497,False
112798639,8.219771408,5243536,38.4518141581,1.0727028187908771,True
76159746,0.07164292541,3325385,2.9226662934296,0.6344707665433222,False
98468842,0.6408572595,600783,17.70477789015,0.12308875872199057,False
967778651,0.8759178604,2051899,0.5120712000000001,0.39520861853205785,False
65033755,1.094787226,251881,1.9435909999999998,0.052756384550370336,False
259866199,5.422909978,3325385,23.498455097572,0.6799702519565088,False
934501189,0.4440145525,828655,46.214162467362996,0.17741307111079668,False
22663870,0.112166508,887399,9.3104029515168,0.17076744054591564,False
634250279,0.7336481703,3325385,24.5612125764,0.6481750372295272,False
30778463,0.6074459496,651813,21.239422844845,0.1341222640120987,False
29022443,1.689599622,651813,64.01642134445599,0.1596562110180302,False
393918254,0.4692142907,366358,115.241918041275,0.11828825824987994,False
607016785,1.976625775,728402,10.719678052188,0.15374856470148318,False
993302469,1.242562428,372910,3.4799856721527,0.07758994597794429,False
160393771,1.99756366,1503456,4.686914654274,0.2997031947666225,False
1069462074,4.919299419,38302,58.353347748777,0.06202994187201798,False
106509097,0.6120159511,5243536,1.5563668,1.0047845880908766,True
623236388,0.7313343001,3325385,265.650878533621,0.7501292150932976,False
577205344,1.402854957,703141,57.503450552482,0.16475507727682925,False
169332184,2.512767185,372910,1.5283253867796,0.08549877479368832,False
106768827,0.3799383526,38302,6.4457668484749,0.008861416316287278,False
106976357,1.067173658,2051899,4.8587389014,0.3983621934238955,False
166219900,6.807164481,372910,9.60928784092,0.11844616993710722,False
91138372,0.3940922679,703141,48.132303352630004,0.15385496087622968,False
251713110,1.215013206,3325385,5.749642811799,0.6435285935156403,False
111563031,1.309318666,2051899,7.331890536382001,0.4010732841098933,False
27421968,1.438554177,2960048,2.119858585614,0.5735970186762233,False
4271664,28.0303395,828655,28.731922105655002,0.3597103767957781,False
29565858,4.524435159,703141,73.69299783368,0.1930674114453817,False
31759697,0.1435165149,38302,7.228841134198699,0.007566916952244634,False
44660376,1.224337978,38302,43.559810992418,0.030365323018116466,False
819754088,0.3914253509,728402,136.541639555048,0.1960653029441911,False
736305183,39.31215348,1503456,6.2189432222375,0.5569370295012472,False
921700482,0.8175041296,2051899,5.257902614954999,0.3968142222166122,False
52013373,17.85299943,19471,5.6964819890011,0.12508963353998537,False
1169792564,1.194261579,366358,51.622015054895996,0.09636553355844207,False
27422089,0.4421443916,651813,0.1354869,0.12405958692117995,False
693661417,0.2586362226,2960048,3.2332927286519997,0.5659544959224907,False
634047988,0.3122892793,703141,0.0770286,0.132967239456632,False
4709409,1.714489314,887399,275.98002825140696,0.2945747345342787,False
972163645,0.5462276021,1503456,11.5035587667444,0.2926065244287991,False
12799522,0.7908972841,2960048,0.5114117560356,0.5684632428515634,False
539666079,6.316124242,1275185,15.048647884480001,0.2900853581477254,False
108398721,1.086859093,2051899,75.290452586484,0.42828700424019345,False
67480204,0.5208073924,1503456,43.25042139761,0.30585922322706327,False
25862164,3.769403324,3325385,17.412801975100002,0.6660263068219957,False
30911120,1.469634366,887399,235.085747005,0.27559459920632556,False
48955502,0.8199044513,651813,61.607061969145,0.1526568861158858,False
47419246,1.557660928,3325385,25.609185361864,0.6542844314002778,False
30161675,0.5140622059,366358,40.940252060183,0.08717038149830486,False
157331506,14.72337801,1503456,14.9509621056195,0.3915507862073445,False
27422086,0.2830914394,651813,8.891753256609299,0.12666940002512836,False
28206769,0.710382964,2960048,0.0256956,0.5677041671264736,False
10403920,0.142241293,2960048,0.051072,0.5638081946105472,False
179633652,9.390085913,38302,82.544665257759,0.10300419571657422,False
27034736,22.61817807,2051899,26.229717485097,0.5555920633355147,False
157375129,0.2007509953,1275185,2.11483568912,0.242563871202737,False
4243612,0.5085263426,2960048,0.5122930377893999,0.5665219517582782,False
822116418,0.3935572591,1503456,40.774115691475,0.3039368487260902,False
32806691,1.925053531,728402,109.90575783933201,0.19534519120755434,False
25935850,0.2606808165,3325385,3.3983424614412,0.6359718351027849,False
666841276,2.279621359,3325385,38.095925442120006,0.6645301686606452,False
329637636,0.1527902263,828655,67.90166520413099,0.18458336738739312,False
26137549,1.768851452,3325385,24.527873257032,0.6552792918039568,False
23961396,1.064466589,5243536,85.614130496496,1.0434484234482282,True
32404914,0.2298091872,828655,126.015848699194,0.20969265858025818,False
159447273,1.264967621,600783,86.22953611648,0.15636321281691842,False
169800560,3.419487859,2051899,47.449737550992,0.4325514600939798,False
47483703,0.3365494727,2960048,0.7311311659427999,0.5654319480093786,False
135622376,3.438906078,728402,59.625030097204,0.18448838979068236,False
30177168,2.141054384,2960048,1.1811304812299999,0.5780305724381646,False
4270595,1.849369379,828655,2.4005315881059,0.1685454993474706,False
104432204,0.7666024353,251881,1.7940721093311,0.0504364517381336,False
142237056,0.09565571092,2960048,0.3213624210384,0.5636021794399992,False
643157814,1.179762815,2960048,3.228799722918,0.5722865270534909,False
69583031,2.688606065,2051899,15.01156399605,0.41380581768175556,False
787467856,0.1857621943,2051899,3.3952621292383003,0.3916823697320077,False
921542697,0.0863425818,600783,13.742556132228,0.11759991460433297,False
131593584,1.232043984,1275185,2.2850355872252,0.24972732541480736,False
28811051,5.499624914,3325385,62.0840279321,0.6968177283328285,False
837585768,0.3041124386,2051899,24.220672454073,0.40130439226732184,False
51996835,0.6189990339,3325385,9.22342829772,0.6408994836570224,False
693411683,5.255009907,372910,8.669660293143,0.10737568830491051,False
53138047,0.3194936158,307079,2.565973528593,0.0582545837518136,False
24053890,0.312159549,2960048,2.922307543344,0.5661910049635227,False
34613910,0.8034629754,38302,3.1972908904546,0.010399734206068751,False
53309175,0.2259688937,2051899,91.293619502631,0.42913589560241616,False
273590743,8.367359716,2051899,48.00703731675,0.4668101632982978,False
952535955,0.5507126836,1503456,2.4656268544569,0.28881472630891003,False
681043081,0.5396548424,3325385,11.79081241405,0.6414397782129775,False
5073937,0.8634584047,887399,37.028909416912,0.1876572217258257,False
99345474,4.886669136,1275185,1.6854604032,0.2746039861025472,False
212584992,1.210575952,1275185,28.808135971725,0.26079778396733505,False
764484149,0.3911188779,2051899,27.27415098067,0.4031941577015855,False
675456183,1.557936894,5243536,48.949622471008006,1.0313342288776408,True
94057148,0.4631903438,3325385,0.1054872,0.6359716191568174,False
36297581,0.5169070211,5243536,8.1632518633888,1.0069250070436329,True
27421956,0.5826398617,2960048,2.7689863047,0.5679860574243981,False
22770730,0.6443729222,887399,35.593726752612,0.1855437091766135,False
563501842,0.3814292312,703141,119.206258349645,0.18382897349216748,False
169922807,7.104085853,372910,2.8587876229794,0.11763272864674257,False
98087357,1.615773304,3325385,173.622641465137,0.7172870656911184,False
153005779,5.557581705,2051899,8.9916179620416,0.43098755312656645,False
57016687,6.188130366,372910,6.652969734656001,0.1129391236221143,False
165944758,35.77562096,2051899,17.676128756458002,0.6424486427870818,False
23519463,0.2275365573,209170,15.714316349364,0.04444149998050961,False
511851762,7.892798724,1275185,82.89176255889,0.329621612627246,False
166606701,12.20388738,2051899,22.521094604736,0.4824118234839151,False
185227306,0.7909396337,2960048,0.5208359637474,0.5684675200757235,False
388980610,4.127008395,5243536,221.15957624621598,1.1218369711299316,True
125734958,1.20191769,1503456,60.943490458448004,0.31802610628613054,False
71396621,2.448977481,2051899,2.415420806624,0.40683046037887194,False
623976639,0.7816164841,3325385,310.30529528766,0.7693617803692286,False
258044979,9.519193244,828655,65.003429772289,0.2477636261071838,False
157258937,2.47850125,1275185,8.7861105889305,0.261047986620104,False
71937917,0.4417849643,2960048,2.253288031176,0.5667993814413353,False
105251300,0.2433086138,887399,129.752729322092,0.2226109000610791,False
105276046,2.861097908,1503456,32.03615109241,0.31720860202955364,False
107016755,2.320145426,38302,56.019605570603,0.043170343192578495,False
5545341,0.5828619012,2960048,0.08143731078420001,0.5668508718464328,False
4243609,7.001941022,2960048,1.10663114037,0.611423917634949,False
48734496,1.38282252,3325385,72.044753883714,0.6727223498279709,False
28908393,9.234802445,5243536,236.17860184757998,1.1633120051380057,True
121380996,0.3356864433,2960048,0.5717328562134001,0.5653585952528526,False
57886930,2.147707407,697315,90.504472934799,0.18271962219638793,False
164878464,0.6435667899,5243536,373.268117406437,1.1622188981456198,True
373216371,0.08545746527,2051899,1072.4227022621799,0.8431431865647887,True
27997202,9.799999155,5243536,48.292659133402,1.0877311543883457,True
148282906,6.041360845,1503456,30.542162934585,0.33844511517342124,False
169405726,0.5929774938,2051899,6.732398970689,0.3958939581307865,False
32506737,0.2099351118,887399,0.37487183999999996,0.16766039769886973,False
23519207,4.866445978,209170,32.979641782784,0.0836424322024778,False
151359912,4.499544442,5243536,42.074967070176,1.048653898586801,True
4243609,12.01508547,887399,79.91470599750001,0.28247778160676945,False
32869999,1.370974843,5243536,151.847962512675,1.0735699952923177,True
23212160,0.7364891533,2960048,9.66788344368,0.5719618927160317,False
77711239,2.878054622,3325385,20.15448312592,0.6610567445473984,False
82995055,5.119583089,174302,24.33605685462,0.07505273220269536,False
846584625,2.462425569,728402,5.865242094048,0.1550358557138357,False
229487783,0.2040636204,19471,210.84120043335997,0.09049746514477615,False
192228090,0.643195228,697315,4.3062483230517,0.1359161902629065,False
122115945,0.2357849069,828655,10.327784570532001,0.16080289984867677,False
338245731,12.41360947,1275185,12.629649188232,0.3309902932234135,False
52021374,1.418991682,3325385,3.26985790415,0.6438823706855334,False
1224738546,1.72026213,728402,25.5574220184,0.15826143307438867,False
29108844,0.4777469568,651813,251.19226293083997,0.23049012851860767,False
339665427,0.7217406036,5243536,44.837337826036,1.0238449910932828,True
4243925,0.06335526974,2960048,7.381917054750001,0.5663663694628863,False
10852550,0.5249038511,2960048,0.4417865912754,0.5666047471620357,False
749089267,2.650333105,5243536,273.5725963245,1.1338512778473124,True
4483878,6.244375652,2960048,1.1844150316739999,0.6062475792772869,False
57884305,0.3098155503,887399,80.491649000778,0.2022329988178224,False
90799129,5.60643784,728402,11.04213568806,0.1788445818898347,False
713833753,0.4164359955,2051899,13.146970338227,0.3973930832681812,False
24158828,0.552239056,2960048,3.6203258145180004,0.5681370910719492,False
19821323,0.1046602905,2960048,0.2462013525636,0.5636323077674016,False
246786459,1.662026498,2051899,154.538730655659,0.46576047922169983,False
1047010173,0.2017154942,5243536,68.152774342544,1.03013053014822,True
29086079,0.9377304319,887399,20.2866337059201,0.18108670770311439,False
541633397,6.104364179,1275185,87.787080108914,0.31939432135591955,False
558963696,1.896138906,3325385,9.4280162836584,0.649767996387933,False
127506892,1.457898037,2960048,2.9189895367500003,0.5740680290844729,False
32376934,5.121009326,828655,30.582312176504,0.20296186298485747,False
23087102,0.5352652448,2960048,0.6884040575874,0.5667803031859426,False
1249813063,0.1538247985,2960048,1.65739588959,0.5645672489080292,False
28957492,0.7094582058,3325385,6.068719268040001,0.6401872068734948,False
50425513,0.6160046707,3325385,7.085275165540001,0.6399745509159794,False
157402554,2.876391579,3325385,91.0340149707,0.6910241640332295,False
100281065,0.3591070799,366358,609.1430191152799,0.32642908810523996,False
