osm_id,lanes,segment_width,mean_curvature,composite_risk,priority
4357072,2,25.01667159,0.0008335606838,0.24374588263692104,False
637270100,2,24.05853734,0.001292791216,0.24082880180483057,False
55654761,2,22.00641392,0.001621081012,0.22887963705487469,False
23212247,2,21.53681794,0.004934589665,0.2543211742129566,False
30614940,2,37.00180814,0.001608994225,0.3369619687732792,False
275299485,2,21.52721078,0.0005829474809,0.21638993062322848,False
47418240,2,20.26800647,0.001487988327,0.21517953570866666,False
388985773,2,20.15883872,0.007646237732,0.26797243253990227,False
45095313,2,22.58547959,0.01117185376,0.316154955873098,False
102155148,2,20.14018093,0.00142181603,0.2136815716963921,False
103387665,2,20.42921774,0.001063305819,0.2126476332417408,False
116553679,2,20.0870452,0.003889849521,0.23477160328103353,False
124691529,2,20.2490274,0.0016951458,0.21684500299496104,False
67200769,2,20.73723913,0.002177849102,0.2245671234123247,False
38663728,2,20.12554241,0.0003749244083,0.20446736584175218,False
596568239,2,21.98574746,0.001013910328,0.22344778062471155,False
732916981,2,24.02282798,0.004223514978,0.2660702461275892,False
157402555,2,20.13964263,0.01077808453,0.2950829079953009,False
80216589,3,21.98343795,0.001755715332,0.42988527235751994,False
263321260,2,20.06784514,0.002219482608,0.22009987341378767,False
48115044,2,20.79402246,0.00428053295,0.2432714258291366,False
259915558,4,21.64677355,0.0008151420779,0.6192727759759354,False
109201331,2,21.05171503,0.01612312525,0.34816835176087435,False
98123748,2,21.31248363,0.002609337563,0.23247156022193666,False
124339691,2,21.00519392,0.009272359721,0.2882268932021441,False
317104847,4,28.8090974,0.003609017715,0.6952553159252112,True
34942238,2,24.73460659,0.00212622086,0.2529577929160694,False
148284280,2,21.03987039,0.0001473342148,0.20908380859555975,False
29177253,2,21.17496614,0.001576747507,0.22249524994149875,False
31656740,2,26.44481705,0.000863559579,0.2543105535792149,False
4357068,2,20.19753546,0.0002950874321,0.20429214497754353,False
532958223,2,21.00567178,0.004209695268,0.24418208446365874,False
151816018,4,23.51050769,0.0002007480779,0.6273734853944386,True
946196369,2,22.70358807,0.005261257505,0.2655812967166604,False
130101691,2,20.1542958,0.0002468861009,0.20356080229402956,False
539934647,2,28.16069691,0.005153058948,0.30401138799706634,False
1178699392,2,22.27304921,0.0003966819339,0.22015031883988248,False
56243343,2,21.16793935,2.6e-06,0.20874851403318667,False
1089074095,2,24.87674729,1.2e-05,0.23558829164918246,False
439830685,2,20.77281422,0.0005447769918,0.21061506807726404,False
380038046,2,25.68641135,0.001037318047,0.2503506769069615,False
4935817,2,49.15953577,0.001352231533,0.4224425160473608,False
135843923,2,20.07639852,0.0067333971,0.259435381942085,False
1082504224,2,20.80220226,0.005670720518,0.25542591714900864,False
23977308,3,31.17089097,0.001538045381,0.49427626574213435,False
28775973,2,20.65112312,0.007331390766,0.2687847642585557,False
235499038,2,20.45362695,0.0003257778296,0.20640679716915533,False
29493102,2,22.95119906,0.005778244609,0.27186584129539576,False
206490656,2,20.56018448,0.0003275131081,0.2071906773456871,False
28533687,2,21.36816958,0.001878765284,0.22651689581759396,False
846584622,2,21.73429178,0.01239207484,0.3206305431906545,False
621411304,4,20.10726828,0.00204641865,0.6188785385565991,False
938462472,2,48.95081966,0.1149345139,1.409171547823577,True
98690680,2,21.10278437,0.003878676525,0.2420026599522827,False
154271429,2,20.73357578,0.0003405134364,0.2085547568953454,False
267606597,2,20.85277501,0.0009564965212,0.21477417240993565,False
53729048,2,21.57996112,0.001334757933,0.22331171695309854,False
53627678,2,20.44104501,0.003596865186,0.23477646927926893,False
29495262,2,24.83152123,0.003720299464,0.2675264566873396,False
728191513,4,20.93759738,0.003051755817,0.6336161703917809,True
28552791,2,22.0142759,0.005097216085,0.2591808459222535,False
106993209,4,21.214572,0.0001976297865,0.6107818329331248,False
62103039,2,21.97796272,0.001111908737,0.22424426163838976,False
152830383,2,20.27431464,0.005370363737,0.2490040720069957,False
30265146,2,21.93954015,0.004180656066,0.25066701980818024,False
160192382,2,27.37782432,0.0005283024749,0.2581249945539216,False
24636221,2,33.77410554,0.0002042146973,0.3014525794236851,False
32806735,2,20.147086,0.005213162118,0.24671840405538975,False
28188700,2,25.90277634,0.005847340954,0.293761810053714,False
51339480,2,20.67003613,0.0003461734994,0.208145582422406,False
1300589677,2,26.89788408,0.02447672431,0.4630281814328272,False
4896186,4,25.67684285,0.003570234169,0.672319551941599,True
47409980,2,24.86368003,0.02234106288,0.4297704272865376,False
28868605,2,27.28788115,0.00184660455,0.2689461091607064,False
4910276,4,23.00878393,0.001615116609,0.6360595569716476,True
370822568,2,20.51648646,0.002785846815,0.2282644053028968,False
199028571,2,22.41886967,0.0006054170272,0.22301849400578674,False
35116100,2,21.14952425,8.16e-06,0.20866402971459197,False
831635292,2,20.34311342,8.33e-05,0.20349976913231851,False
35776890,2,30.57084316,0.001221768728,0.2871952928442654,False
82162396,2,26.56901461,0.0005040811828,0.252078923132086,False
23959195,2,44.5848502,0.0004680627305,0.3817446581799073,False
88191025,4,26.56068593,0.0004883314567,0.6518818018952024,True
92512309,2,20.81197789,0.002799202093,0.23051249075776528,False
513164628,2,20.288768,0.003198364253,0.23021063385577661,False
30069089,2,40.44380129,0.004532446476,0.38723077864896105,False
80482765,2,20.52453907,0.0001916202965,0.20575115585783949,False
68453926,2,26.05652051,0.001388846771,0.256079422434322,False
130503865,2,20.03838358,0.0003274885423,0.20342581888031822,False
1293303904,2,20.96899829,0.003703008278,0.23950901105833622,False
23212320,2,24.16851289,0.000988598989,0.23897558686920883,False
80677124,2,21.81850134,0.005184468664,0.2585275387313547,False
1304736613,2,22.30266337,0.00208130077,0.23502118385872764,False
1391081455,2,33.25883653,0.0002505506823,0.29813821163889775,False
22979738,2,22.7061839,0.001016229498,0.22866570233069394,False
22952883,2,26.89711395,0.006073875433,0.3029066600134022,False
547223474,4,22.54309441,0.001838225924,0.6346409264347175,True
109340334,2,20.33799301,0.005424125633,0.24993125444794106,False
687923745,2,20.25025918,0.001687144828,0.21678427661940708,False
166905339,2,23.63638203,0.002013495185,0.24405363396514249,False
90610186,2,20.37247976,0.002231580856,0.2224029874531226,False
27086361,2,24.97019291,0.001364376571,0.24802897290658446,False
166220880,2,21.954015,0.0006986604553,0.22047597456269058,False
23747127,2,22.76235203,0.01303204334,0.33361581953175923,False
1010879848,2,25.03377641,0.0005425198999,0.24133705740641614,False
55822155,2,23.44738233,0.0007138928191,0.23138272490826883,False
68310849,4,20.28699307,0.001086214515,0.6118208423684356,False
85049443,2,23.99992154,0.005726486884,0.2789817513468055,False
94081019,2,23.19319588,0.000332079988,0.22622683855429782,False
553976430,1,49.66687315,0.01107712961,0.31071533184821976,False
25845123,2,22.47330231,0.003413984024,0.2478474490903086,False
26302583,2,25.76067856,0.01650901709,0.38549967454490003,False
23520669,2,28.44190608,0.00678346977,0.3202257966286868,False
173056931,2,20.07167341,0.001323691619,0.21233356748380122,False
799533700,2,64.00351276,0.001345049358,0.529475088724393,False
369348565,2,20.25183912,0.0004677469831,0.2061861733886259,False
127012099,2,24.16235406,0.0007823405645,0.23713657906936475,False
28957488,2,26.72933805,0.001395624655,0.2609925808734749,False
113778936,2,20.83040372,3.12e-06,0.20631781501010094,False
247106404,2,29.33251157,0.0004200925056,0.27128601330945656,False
211228422,2,20.07562356,0.005089486154,0.24512676690351412,False
372150049,2,20.151604,0.001573005486,0.21507942600608226,False
28819598,4,33.10440161,0.002937808803,0.7204047859077248,True
222494313,2,21.63370168,0.0007833865219,0.21890217353164856,False
269944886,4,39.98797379,0.0008824911404,0.752185284387591,True
389682614,2,21.64313858,0.006147663597,0.26564272748189355,False
782901154,2,21.33068358,0.007554746586,0.2756309305596384,False
163214932,2,21.17477419,0.0005183877216,0.2132854919794714,False
53456183,2,21.73435213,0.001050650605,0.22195369772160647,False
157402436,2,20.32086909,0.001765136032,0.21797227784442466,False
84883410,2,22.00922078,0.001893893553,0.23127352259268041,False
23519600,2,28.25609093,0.001160921208,0.2699656050515262,False
31888590,2,20.59526045,0.001666486644,0.21909362367168256,False
225520527,2,21.98149011,0.005754569981,0.26466368403913176,False
191850306,3,24.20506342,0.002774229417,0.4547753580351613,False
31536714,2,30.74114046,0.001298143734,0.2890884482627861,False
31759712,4,28.72916472,0.001261495631,0.6742537561530705,True
237456935,2,21.82832366,0.005438558657,0.26080914127121,False
13752930,4,20.56242234,0.001543038124,0.6177826289499293,False
732015271,2,20.23444888,0.01188673926,0.30541287772999637,False
497536845,4,23.87677006,0.0005878801861,0.6333842485006339,True
108422456,2,20.09730682,0.003906212128,0.23498800256509722,False
23907787,2,21.52876939,0.004109141821,0.2470812085084418,False
1009021143,2,21.76748193,0.0005113826224,0.21750076072379532,False
57743591,2,20.16637047,0.0002738596038,0.2038826034575015,False
202390943,4,23.85600966,0.00482290588,0.6700817644922933,True
91362842,2,23.36866963,0.0002804089251,0.22704326199501984,False
13752595,2,20.42226378,0.003024969024,0.22966512401711364,False
770972272,2,30.78924358,0.002015596994,0.29567777778165955,False
97677545,2,23.89671691,0.003999800475,0.2632139386268485,False
246869360,2,20.12036122,0.001118678207,0.21090109491987985,False
149096526,2,23.89308864,0.008144315988,0.29924756449238343,False
108179548,2,21.88279152,0.002942664775,0.2394863182975523,False
85049429,2,20.48246441,0.001370787705,0.21570707199178496,False
266119608,2,21.60466912,0.002653420686,0.23496314518121297,False
72472581,2,33.31841764,0.009800525691,0.3816586566453023,False
5707692,2,24.40194232,0.001896458331,0.24855864146523868,False
166219950,2,22.40295497,0.004476647825,0.25658573373620214,False
23520149,2,21.67151248,0.0009119318453,0.22029339007997806,False
155436839,2,21.54766486,0.0004352025017,0.21525202990332334,False
115233269,2,22.22280465,0.001096123799,0.2258733878087555,False
91734406,3,30.48640812,0.0005828283631,0.4810269487655942,False
28788664,4,32.44270022,0.001627890716,0.7042337158843467,True
28951497,2,21.23361863,9.25e-05,0.21000455592839443,False
20528779,2,22.50748935,0.003969021132,0.2529232588675654,False
23241531,2,21.08675982,0.0004040140752,0.2116553731859777,False
31536627,2,20.55110103,0.00850382809,0.2782640503821262,False
45095282,2,20.7125705,0.01724128471,0.3554501872625243,False
124692807,2,25.04517326,0.0001316505924,0.2378444698473162,False
58494774,4,30.88839938,0.0009997308557,0.6875545060569243,True
628700841,2,27.84294617,0.002337710595,0.27722366597439035,False
903548635,4,20.14117629,0.0008130725671,0.6083923149898314,False
29354754,2,20.29339551,0.001780900248,0.21791122205357083,False
133256157,2,20.4975909,0.002699673296,0.2273783172580192,False
29671193,2,28.16286944,0.003330555639,0.2881701762037069,False
1297142511,2,20.40895673,0.001106111805,0.21287389391428727,False
705703226,2,158.5640841,0.0007555104887,1.2065733053955086,True
30265735,2,24.52663243,0.001598503642,0.24686585825486254,False
208719904,2,20.32059027,0.007076379494,0.2641813109923841,False
53728264,2,21.46804913,0.0009686026783,0.21931853069237725,False
681683031,2,19.98100681,0.1050209042,1.1139081803983413,True
158171558,2,20.37629625,0.002398069017,0.22387907048437145,False
108782088,2,29.56121324,0.003305756898,0.2980430639404874,False
311852376,2,24.8231784,0.009177396972,0.3149463291102419,False
250252317,2,27.28587156,0.00911760799,0.33219375767962633,False
579458299,2,21.8370745,0.02058064236,0.39261760327559536,False
152948619,2,21.40122454,0.0004328398208,0.2141749479854975,False
364051677,2,24.32082493,0.01199753757,0.3358589285124399,False
27421930,2,22.818208,0.0006223108806,0.22604659299308955,False
587032745,2,21.06413117,0.004966726732,0.25119048593697657,False
884700472,2,20.32503705,0.003666957079,0.23454934697240615,False
51774810,2,28.40178662,0.0006121214479,0.26624186660260946,False
333003198,2,26.09742712,0.009843671845,0.3299366665005206,False
23525865,2,25.59303595,0.001075229173,0.25000684984490346,False
4196131,3,28.30305217,0.00127098946,0.47126207766947187,False
1121139516,2,21.67585599,0.003481781535,0.24268398077696388,False
388995187,2,20.67098757,0.0007554468038,0.21171337317679823,False
32686458,2,20.7031007,0.0003028786511,0.20800744238596375,False
157508590,2,27.83888393,0.005842870632,0.30769137981383204,False
290794347,2,21.27237205,0.007036640013,0.27070238755510956,False
28833618,3,34.21350598,0.0002043476255,0.5046238848812489,False
23976154,2,33.3665207,0.001944211664,0.31365100168203836,False
639286550,2,20.63882432,0.0001309125822,0.20604749735887287,False
117892485,2,24.40131079,0.01771055726,0.3861463530673934,False
28063499,4,22.39796125,0.0009531678235,0.6258932889064981,True
38363414,2,34.25985221,0.005379447907,0.3499847760934085,False
556852184,2,39.34122096,0.01151529908,0.4400310357238496,False
340081624,2,20.0351331,0.0001776468965,0.20209865424502005,False
4357042,2,21.1600389,0.001045272064,0.21776339492972538,False
824717249,2,27.6016188,0.002271640129,0.274907704609618,False
28296718,2,21.95945059,0.0007460049558,0.22092711671147708,False
887866209,2,22.15695066,0.0007368494804,0.22227236521120136,False
218689672,2,21.49521959,4.08e-06,0.21112262455625636,False
106522339,2,22.20706488,0.006080719117,0.2691288373154563,False
4935813,2,37.24380624,0.001033810737,0.3337034702955631,False
23959201,4,22.39641246,0.0004968384717,0.6219117722427446,False
320478659,2,20.22096079,0.001183509495,0.2121909637277557,False
36077386,2,23.16542748,0.003779341439,0.25601976633577916,False
164906835,4,30.74792094,0.004405622449,0.7161743201388482,True
64977572,2,21.88247333,0.004598821888,0.2538935956631036,False
36983709,2,20.24485252,0.0006035357905,0.20731721217899238,False
154516680,2,20.50344771,0.0004107553659,0.20750559593919182,False
165278162,2,21.87923334,8.35e-05,0.21458417652860035,False
48115051,2,21.745187,0.0009116480002,0.22082246111235246,False
555235462,2,20.37793058,0.002755160787,0.22699777704531945,False
316442748,2,20.52738096,0.003034321119,0.2305048834098843,False
563380806,2,64.09736938,0.001730687657,0.533507524959714,False
389006906,2,20.04429887,0.001134070216,0.210486246579122,False
56659469,2,22.80231163,0.004862995416,0.26282843693331803,False
102644000,2,20.966971,0.0004830911318,0.21147914943403853,False
229686836,2,39.71133827,0.03821810485,0.6750319590248446,True
28341622,2,26.63797233,0.02295522257,0.4479150027914035,False
43313787,4,21.01491741,0.0007319296204,0.6139901151354369,False
93819227,2,20.18750709,0.004918437309,0.2444457458090094,False
855632867,4,38.89625626,0.0009226903237,0.744658610973603,True
560428378,3,41.40935629,0.03404343507,0.8509605116928578,True
246746767,2,20.21473614,0.002385219595,0.2226016625739763,False
297410934,2,21.331348,0.0009072769126,0.21779869959531264,False
53309957,2,22.14910597,5.76e-05,0.21630588487880495,False
98430126,2,21.6813444,0.005256826425,0.2581675469915075,False
25776002,2,20.97941573,0.0002262439877,0.20933420842202605,False
471355614,2,21.56305015,0.01359905769,0.32989656770079107,False
53728427,2,29.39409302,0.01930898616,0.43607515590597723,False
31131639,2,26.18719108,0.02453743417,0.45842894672037654,False
364060598,2,22.42902761,0.008696983068,0.2934933209119238,False
174726550,2,21.61166645,0.001569813234,0.22558558578708207,False
154271433,2,20.47879355,0.0004005537966,0.20723896335322764,False
237448564,3,42.62162224,0.0002589914984,0.5657614814328868,False
170096380,2,31.52312106,0.01361889085,0.40192820023957665,False
149843782,2,22.93048663,0.009988361485,0.3083469815288343,False
1015247355,2,21.73307003,0.01611209406,0.35298815577689924,False
28788771,2,25.86203259,0.0009150743722,0.25055413984886205,False
4794394,2,23.3657638,0.001754669704,0.23984926166513232,False
28531652,2,22.78998573,0.001285191988,0.2316104457027257,False
152843425,2,20.55702034,0.001099980972,0.21388878867583533,False
620730423,2,23.81795732,0.00280402645,0.2522417501767745,False
661151779,2,46.32387064,0.03018907423,0.6528820507272294,True
103277317,2,22.19565535,6.98e-05,0.21674787279589594,False
25653893,4,31.78824526,0.002712929495,0.7089525064827412,True
108398742,4,28.48250685,0.0007866616776,0.6683428460820956,True
384278394,2,20.82046741,0.0005030938917,0.2105962039633977,False
226363213,2,23.5542581,0.001814771331,0.24173211496713942,False
52252195,2,25.17297647,0.001166488707,0.2477702538426357,False
172525197,2,25.47721326,0.002761988893,0.2638470564456055,False
16852930,2,21.40033551,0.0001855334227,0.21201681798284394,False
4372918,2,20.60963186,0.002900362288,0.2299327769925642,False
184104933,2,20.40147357,0.002064963975,0.2211625014399535,False
908051871,2,26.38332331,0.03467068028,0.5480093820513764,False
692110980,2,20.29409453,0.002153799917,0.22116071894428807,False
47244775,1,24.54530776,1.16e-05,0.033193569690688166,False
57847575,2,20.77196095,0.001446511233,0.21845454768880476,False
80729012,2,35.76048258,0.002161421444,0.3328126111705355,False
75612286,3,35.43295604,0.0001313337568,0.5127866043843825,False
79143073,2,20.72058894,0.003907188989,0.23949330464722424,False
560915405,2,20.75389543,0.005325666052,0.25207521366448415,False
199028571,2,22.41886967,0.0006054170272,0.22301849400578674,False
588420890,2,20.06331255,0.0008915638435,0.20851347209363807,False
109201321,2,25.70284473,0.005468161549,0.2890202693091835,False
28104114,2,29.01564679,0.001086895188,0.2748015126863631,False
389124570,2,32.77971139,0.005765390997,0.3426639214129001,False
1344564680,2,20.67264742,0.002032479932,0.2228363125475058,False
219896536,1,27.19672265,0.006462609298,0.10845047215076267,False
245271328,2,21.03504915,0.001764244002,0.22311712216156468,False
153136158,2,20.33078572,0.0003814185473,0.20600464076306027,False
112964308,2,20.85394832,0.0004834176194,0.2106665636610862,False
664980582,2,24.08321428,0.004476287178,0.2687051877676734,False
129283926,2,26.63513691,0.001655768205,0.2625763534300328,False
90967359,2,36.89082746,0.000785537802,0.328996703669289,False
1364228811,2,25.15788496,0.001198071525,0.24793616260406628,False
5067172,2,20.52184615,0.008787388391,0.28052013164801415,False
692493532,2,20.08544511,0.003067834501,0.22760802903123795,False
150874613,2,20.18612059,0.003643414557,0.23334227007488406,False
158630864,4,20.96871426,0.001976829012,0.6244881535768955,True
4948197,2,21.94536043,3.12e-05,0.21460622285731581,False
28535463,2,21.60638994,0.002384142161,0.2326326736499163,False
23489197,2,31.29385375,0.01558539168,0.4173838538526763,False
867866302,2,23.63266847,0.01329213218,0.3421578354336732,False
28956724,2,30.33086369,0.01003444166,0.3621395176848047,False
28375814,2,24.26387176,0.005609226975,0.27986584448694984,False
28854022,2,20.5864588,0.002264959915,0.22423720331268987,False
99453576,2,24.34739682,0.002819915425,0.25619974896121017,False
1078181380,2,21.36543151,0.0005501598406,0.2149374669240319,False
194060239,2,26.87716011,0.001607221592,0.26390009679151233,False
4943114,2,22.68510023,0.0006282638289,0.2251380526482725,False
157386148,2,24.21127579,0.003875146698,0.2643988276769049,False
27751246,2,20.16941416,0.001812909802,0.21729523452635766,False
274202207,2,20.10308103,0.006004127071,0.25328279635315776,False
25937030,4,26.30864357,0.008856351064,0.722870242367137,True
51996833,2,21.97444329,0.00655356514,0.27156458652300886,False
922436204,2,21.20713206,0.003873944515,0.24271432742434557,False
142228440,2,23.80933628,9.23e-05,0.22858588431415297,False
28321133,2,20.27242108,0.002069606399,0.22027181642660845,False
47108201,2,20.31030613,0.006651745974,0.26041254426103616,False
206474865,2,20.54560993,0.000225547353,0.2061983621080221,False
53728472,2,20.62683754,0.001329544568,0.21638984261640135,False
78136501,2,20.29505239,0.003072041731,0.22915689125430666,False
118251175,2,26.82705523,0.007531149979,0.3150803801819214,False
36495831,2,20.17291025,0.008062794313,0.2716982499341908,False
152843298,2,25.62700292,0.001309482588,0.25229005887133904,False
247777159,2,22.09475516,0.008966252652,0.2934244494511585,False
110390569,2,20.09107582,0.01699035296,0.3487830216659161,False
41802911,2,22.73950176,0.0003317127881,0.22295036996455192,False
154520875,2,20.42735589,0.0002242565754,0.20533396237438592,False
1288106036,2,22.59512865,0.000401375799,0.22251486965252731,False
118535170,2,22.06595273,0.002432384258,0.2363680237098189,False
43449056,2,20.28887587,0.0005240717057,0.20694344228516479,False
405582505,2,23.83971371,0.01549229988,0.3627944034262909,False
109037239,1,29.60248521,0.00203503488,0.08728477590401622,False
30705201,2,20.32060322,0.007310056698,0.26621453805906176,False
96383808,4,42.56423548,0.0006478758012,0.7687309820060593,True
37729738,2,21.2422025,0.005181930034,0.2543476192803967,False
107030067,2,23.78621963,0.00191581076,0.24428475568862112,False
2679610,4,20.78437563,0.006254282846,0.660374649869687,True
544227906,2,24.80281816,0.0006606629577,0.24069867585488822,False
125571011,2,21.97619028,0.003971451678,0.249111234777742,False
28422653,2,20.95613522,0.0004729897355,0.21131308408610824,False
319768659,2,23.14766026,0.001499133982,0.2360523907833888,False
4970567,2,28.66123037,0.002282279599,0.2826450698443382,False
28296729,2,22.05099793,0.002169723737,0.23397482298974995,False
186255468,2,20.34617409,0.005015330625,0.24643351369091604,False
4794370,2,21.84593576,0.00146789236,0.22638899854673086,False
259050024,6,29.35042666,0.004657809233,1.1082859755613588,True
43323900,2,35.55075989,0.0001022919605,0.31338384430523536,False
455553996,4,23.02820036,0.003356415664,0.6513500006141666,True
48811097,2,26.95378556,0.0006054303624,0.2557367352712757,False
1291050586,2,21.13500806,0.001951240269,0.22546527832398178,False
908997429,1,20.26103175,0.0007950332421,0.009100084876345074,False
233576853,2,20.87804553,0.0001071142737,0.2075663504453512,False
23520512,2,22.38908313,0.0003869464979,0.2209027662838163,False
161964181,2,20.09970369,0.00221390677,0.220281210591181,False
27276449,2,22.13444866,0.002532637663,0.23773446784505,False
921326553,2,20.51425078,0.0004977938986,0.20834082512058433,False
23518792,2,22.27735599,0.007657753421,0.28335712414356024,False
911226737,2,32.52064574,0.002808582903,0.31506880989848945,False
28312347,2,21.14374895,0.004186205107,0.2449738932081709,False
686558017,2,20.1885662,0.001872014221,0.21794765538655436,False
206474849,2,20.27959924,0.0001588729894,0.2036990633506739,False
4990014,2,21.39990345,0.001685278615,0.2250623950768591,False
1017404592,2,20.17932506,0.0002969583229,0.20417704001987683,False
94507662,2,32.34341165,0.002269666433,0.3091012157822725,False
32834724,2,20.1946104,0.002841526201,0.22642660578091311,False
762983076,2,37.07549228,0.0002214669213,0.3254212483566336,False
88521252,2,20.2331154,0.01120480489,0.2994700137507848,False
133117359,2,20.28070355,0.0001773770326,0.20386802704972268,False
165193727,2,20.73616503,0.0001622912083,0.20702279593958187,False
28817564,4,32.66401325,0.001291855551,0.7029067162190783,True
337410401,2,21.08748254,0.0002706962664,0.21050064147622158,False
170314091,2,20.96951909,0.0004472636025,0.21118581190642285,False
550428767,2,20.66920931,0.0007651654403,0.21178510157960265,False
229319847,2,21.54866615,0.002116006535,0.22988327012075982,False
23004631,2,21.8377204,0.003851370607,0.24706743580313226,False
564504389,2,22.46075636,0.001233022972,0.2287812475291015,False
91661834,2,26.86261485,0.008954532913,0.32772122894783107,False
239063465,2,20.3001296,0.002040171584,0.2202156247262505,False
530040094,2,23.61987851,0.002526351975,0.24839673141230587,False
247340762,2,20.7233457,0.009816008981,0.2909235174843655,False
46872232,2,20.10998629,0.001975103456,0.21827766271132562,False
124006450,2,20.72605661,0.001164105581,0.21566626022628288,False
1353194532,2,20.39804618,0.001506484342,0.21627866170899632,False
28260672,2,20.60470646,0.005244787271,0.2502951632503355,False
530281038,2,20.74581807,0.000178759839,0.20723572696305229,False
32687155,2,22.101893,0.003885197632,0.24926768146425204,False
836159854,2,25.02147944,0.002737038309,0.26034198162554817,False
334814826,2,20.28731656,0.001010226067,0.2111620305951899,False
55269214,2,20.23047745,0.001878237508,0.21830417948401193,False
29336099,4,33.16470645,0.007634266513,0.7617019033590671,True
153136133,2,22.20491634,0.00570904325,0.2658795303720698,False
31009925,2,24.40428159,0.00130168652,0.24340064254563215,False
23172010,2,36.50232088,0.003345427271,0.3484663329975175,False
166490681,2,20.07418068,0.006091614482,0.25383548219260943,False
24636322,2,28.48927847,0.001431221654,0.2739997647613417,False
630175329,2,23.64767466,0.00150026622,0.23966970328365447,False
171980879,2,20.98774367,0.001352949612,0.21919731555156585,False
25612872,2,21.85892851,0.000411750365,0.21729366056005417,False
248442790,2,20.70412155,0.001129805765,0.2152095757853786,False
4794436,2,21.14555785,0.006614252113,0.2661124279218366,False
80731825,2,26.27311012,0.001822693759,0.26141678708287663,False
157554424,2,20.06497942,0.0002269675404,0.2027431064993613,False
37334825,2,20.29301874,0.002675051757,0.22568816510003306,False
4960406,4,30.76250178,0.003253733883,0.706257386434024,True
45652152,2,25.76271778,0.006861364107,0.3015739449346898,False
28316152,2,22.49729564,0.00101991404,0.22719069084266572,False
207272564,2,25.73242878,0.002239196754,0.2611397544494877,False
245824782,2,20.97214212,0.005738651273,0.2572430236261657,False
25800032,2,20.39470839,0.002034829971,0.22085150845348808,False
151324871,2,20.25826378,7.98e-05,0.20285715104407742,False
485773059,2,23.4316802,0.002162553121,0.2438736632196537,False
4896142,3,29.30649412,0.001033781269,0.47643776988914016,False
674668140,4,25.14382357,0.001374885584,0.6493731034137914,True
1123799169,2,22.53699102,0.0002454424403,0.22073870827530523,False
49040124,2,30.77047731,0.0005433745873,0.2827331551652382,False
18329100,4,32.30650585,0.003975239201,0.7236744701918288,True
23519796,2,20.31094995,0.003764150072,0.23529335064698956,False
194245163,2,21.1387551,0.001420937819,0.2208783586700738,False
27905622,2,32.22621552,0.001004326809,0.29724645568124053,False
59471366,2,50.62047904,0.05694100159,0.9166388754742484,True
887866211,2,27.30265848,9.14e-05,0.25378137749370905,False
251446498,2,25.48417872,0.0002981092474,0.24246006050454907,False
29339571,2,22.93164204,0.008575060842,0.2960587432937102,False
1061169996,2,23.4988886,0.001484323709,0.23845754474874215,False
4270604,2,20.28302558,0.001904198654,0.21890917700234705,False
620642399,2,21.34054829,0.008050843923,0.28001844984602436,False
24375212,2,23.03857961,0.0008231481476,0.22938391756487853,False
10587290,4,48.33224648,0.002091803405,0.8229085842642778,True
160452789,2,21.28612511,0.0005989979563,0.21479021513454913,False
104660762,2,23.2704792,0.0008778655281,0.23153308144384546,False
1190057624,2,28.36318113,0.00686845945,0.32039728040704196,False
23961512,2,29.72485437,0.05553829057,0.7536784627904733,True
98461318,2,20.84305684,0.001238168712,0.21715477776276826,False
53144589,2,21.57709112,0.002932533038,0.2371926247997472,False
99453423,2,20.44247774,0.01403688106,0.3256212865392319,False
13845345,2,20.99743072,2.1e-05,0.20767843405796316,False
127522020,2,23.97008087,0.0004812321932,0.2331295570638685,False
95484714,4,30.3778031,0.007940458437,0.7442592459889439,True
105702256,2,24.72933568,0.006659379175,0.2923609960842455,False
149848410,1,22.40194895,0.004699697981,0.05851914745119664,False
144905294,2,21.48979836,0.0006387037827,0.2166051243774054,False
23213762,4,33.97385081,0.0006607181708,0.706865542149363,True
106212239,2,24.48841322,0.003577215328,0.2638061113070415,False
127134136,2,22.04204302,0.006608884784,0.27253361381232194,False
368461882,4,31.97911128,0.0005283023549,0.6913219670986445,True
680843931,2,25.48555385,0.008464803099,0.31352517953539916,False
104373669,2,24.04833899,0.0001957753065,0.23121051875596393,False
23961567,4,22.97821213,0.001179678479,0.6320504138865022,True
27906261,4,30.12109069,0.0007040560317,0.6794460420240817,True
116426162,2,21.67070325,0.005491187202,0.26012985526454835,False
132397229,1,23.83424264,0.0001729927645,0.029467652673585476,False
56197677,2,22.07278224,0.0007368878664,0.22166544803885044,False
166219968,2,21.04603396,0.001495733132,0.22086016674181141,False
246729116,2,23.10725683,9.96e-05,0.2235840956801853,False
4970426,2,25.6893398,0.004155210031,0.2774993592512565,False
90967351,2,66.49334988,0.005392800568,0.5826564482700048,False
593153959,2,28.20821916,0.002116957469,0.2779383201518474,False
108110343,2,24.83087158,0.00178412471,0.2506758730418049,False
106768827,4,31.16414626,0.0003937789021,0.6842717910622446,True
142871867,2,21.09985341,0.005382234613,0.25506338270419826,False
153751844,2,21.42727618,0.00198869345,0.22789977491199187,False
348821523,2,29.71520179,0.002396004019,0.29123864469498983,False
106393064,2,20.2240036,0.0005585951005,0.20677578186028836,False
23087112,2,25.23014628,0.001684842469,0.25269271035733903,False
912288621,2,21.44935871,0.002838925199,0.23545662681109558,False
46990641,2,38.34071524,0.01022836486,0.421615562658524,False
124826624,1,30.7150647,0.003952294798,0.1119930457696277,False
166189567,2,24.58397274,0.001071644858,0.2426955607508179,False
246788025,2,20.67993416,0.007916906131,0.2740869670802674,False
79143071,2,21.32539924,0.002527713534,0.231854564026102,False
51125781,2,29.5161665,0.002334607105,0.2892684713715703,False
28741520,2,43.71783886,1.54e-05,0.37155097779422747,False
88617173,4,24.30164184,0.00150354773,0.6444164411717644,True
1154967595,4,20.9015592,0.004675459017,0.6474833694540686,True
28812119,2,20.56032675,0.003466166144,0.23449989195970633,False
24204934,2,20.21905067,0.01093607394,0.29703041821185827,False
243498720,2,27.01610269,0.002960943524,0.27668073110214486,False
389124437,2,21.55014135,0.0004413100538,0.21532303648629678,False
114943205,2,20.13111302,0.002927012334,0.2267122715781362,False
108706525,2,25.94505141,0.01427724153,0.367412068894174,False
46715617,2,20.40295681,0.002295315257,0.2231773986878692,False
56872246,2,32.77520894,0.006407398554,0.34821729329193407,False
907198460,2,20.13384779,0.006667840812,0.2592794825146161,False
4813922,2,45.07342741,0.0003318951778,0.38408486302493383,False
859189065,2,29.45840437,0.000241238733,0.2706381574922625,False
222917340,2,21.03067653,0.001473759944,0.22055818717822792,False
190596438,2,50.84604849,0.0352608171,0.7296355187466739,True
6059794,2,41.24581025,0.004690413456,0.394391453335061,False
23961412,2,20.39251957,0.0008690504401,0.2106927265992616,False
28933168,1,29.08515113,0.004664512332,0.10643040927600411,False
903548620,2,20.48440443,0.00172014752,0.21876071131318803,False
99210252,2,22.98626919,0.0008412347204,0.2291638769694273,False
23961659,2,23.16770674,0.0028389099,0.2478538848356695,False
2679609,4,26.00383968,0.001191392405,0.653981372325414,True
31303886,2,20.15623797,0.003104755962,0.22844001847395257,False
42759920,2,25.05681526,0.0008702270169,0.24435452714415148,False
4277150,2,34.222584,0.0006788434627,0.30881778225217543,False
23949677,2,28.94020856,0.001707202816,0.2796543005712672,False
47094136,2,28.51239991,0.0047589192,0.3031195696199124,False
203433923,2,20.46121541,0.001600471334,0.2175521536223596,False
30077625,2,30.13819045,0.00151572221,0.2866314007641505,False
54927938,2,25.05370387,0.0004056403145,0.24028989280024965,False
866621022,2,22.60816186,0.0001307473037,0.2202542682281856,False
586653093,2,22.77759722,0.0001722487288,0.22183778365545426,False
207272563,2,32.60098623,0.0001795492708,0.29277425386347494,False
324469119,2,20.24963588,0.0006186979739,0.20748364296441907,False
83005204,2,24.04715156,0.006509526666,0.2861354242839907,False
47414598,4,27.51175616,0.02109338995,0.8380200291323681,True
159664741,2,31.38491232,0.0008455742459,0.2897954492061145,False
83020113,2,38.20806341,0.001816051643,0.3474662819688945,False
342896064,2,25.27406765,0.0001631798129,0.23977020098601892,False
4948651,2,20.95873712,0.004028997724,0.24227128586440938,False
622275194,2,22.07309223,0.01640817929,0.35801744038536026,False
169542555,2,23.98697318,0.00529529023,0.2751366597747552,False
791215986,4,40.70082466,0.0002614091776,0.7519245097906709,True
23213934,2,27.33146481,0.0133207509,0.369092596749549,False
109729822,2,29.17485238,0.002124519108,0.28497809409994496,False
89463488,2,27.34664694,0.002136614504,0.27189335036526907,False
29369627,2,25.26197704,0.0003562690331,0.24136296420134318,False
152947843,2,20.37882267,0.0004596068425,0.2070314993304071,False
13845243,4,31.71587733,0.02594876429,0.9105962712264987,True
245824798,2,20.20345602,0.002135835846,0.22035048960463188,False
153147575,2,21.67110839,0.0001691156194,0.2138275222519597,False
104091025,2,33.45705406,5.01e-05,0.2978242518941262,False
167433014,2,27.98249377,0.001514257017,0.2710659157381783,False
88191120,2,25.05768374,0.003350479756,0.2659404985891242,False
4928819,2,20.18185917,0.006093747577,0.254630911021183,False
53309220,2,20.3895327,0.001261144698,0.21408263542881803,False
396411283,2,22.62901813,0.002990677474,0.24528787018889506,False
1320022131,2,24.12292431,0.008363570707,0.3028134125800602,False
4910954,2,21.39890419,0.001700350349,0.22518631894288263,False
23949741,4,30.13393517,0.001323708139,0.6849300610638963,True
1291907136,2,23.46560711,0.0002677051195,0.22763210744991635,False
112703219,2,23.00854099,0.01538986582,0.3559064906672068,False
18578523,2,20.64181609,0.0002280136847,0.20691392070814343,False
142225508,2,21.28690462,0.001549283596,0.22306390145071112,False
53309255,2,20.97660358,0.001536388657,0.22071297411087537,False
97521822,2,20.21613205,0.0003090906346,0.20454815044134336,False
110167512,2,20.52904984,0.0008929651705,0.21188582625543728,False
361824458,2,22.1403191,0.006368787339,0.27115365407781417,False
247465139,2,31.77515438,0.0003743789147,0.2885112487734645,False
55510069,6,26.05808196,0.001123010737,1.053777752856961,True
5172516,2,20.87084517,0.0004675267223,0.21065020915788726,False
54233873,4,25.3748754,0.002650259851,0.6621366074202957,True
29369541,1,26.12101412,0.001052392347,0.05361736755498968,False
263319788,2,20.05621758,0.001796841031,0.21633874540437495,False
25800034,2,32.6448208,0.0003308879033,0.2944072458313178,False
124469938,4,20.37484994,0.001001729969,0.6117196377620427,False
55334443,2,20.07468176,0.003534153986,0.23158763734303364,False
114649489,2,20.20667733,0.0001784169017,0.20334299647021042,False
28908326,2,20.83844929,0.0002788155505,0.20877458028110774,False
56095992,2,20.1664957,0.0003772888519,0.20478340424905697,False
269944852,2,42.22318298,0.001230651551,0.3713408885182372,False
230545603,4,21.24423417,0.0003195151855,0.612056314050927,False
98123577,2,21.35207669,0.0001155853235,0.21106005339790662,False
444682435,2,26.33679944,0.002011152134,0.26351598972175505,False
38572319,2,21.82893552,0.001055828449,0.22268114030311156,False
82698668,2,28.78833028,0.003217036654,0.2916950137118692,False
36759381,2,28.88152504,0.0006577128219,0.27009971518044523,False
33278524,2,24.98254526,0.0004135795623,0.23984557999546524,False
98839907,2,25.1357382,0.0006769306835,0.24324213812520648,False
38569953,1,46.16064012,0.002318998235,0.20921779654638795,False
1301675273,2,23.86986067,0.001525898524,0.24149572861722954,False
383905206,2,25.22749922,0.005082985357,0.2822395201066872,False
906374689,4,22.74215676,0.0022558892,0.6397110287732242,True
639286550,2,20.63882432,0.0001309125822,0.20604749735887287,False
556777689,4,25.6527788,0.0005301875411,0.6456956841589961,True
105866067,2,20.25380836,0.001057332432,0.211330132478487,False
76158294,3,27.66962755,0.001244701944,0.46646338226648826,False
29840348,2,21.83141803,0.001655330175,0.2279150801247002,False
243879781,2,20.42464176,0.008281684037,0.275418894586722,False
152830383,2,20.12783702,0.005169352209,0.24619835532930373,False
102925202,2,27.71961978,0.0005062223784,0.26039884109844746,False
5073937,2,36.66290758,0.005202796156,0.36578515792504424,False
183111742,4,28.5794371,0.001469714471,0.6749851444652375,True
229354573,2,29.44838214,0.006895710271,0.32846379500107653,False
47061858,2,22.29075363,0.0007197790889,0.22308919271601502,False
246666110,2,23.49566486,0.001623152436,0.23964218064851928,False
948221295,2,20.20184963,0.008380609115,0.27467222116345036,False
166903528,2,20.06172352,0.004863583057,0.24306098789544836,False
28341482,2,31.62524316,1.11e-05,0.2842689348072857,False
31406520,2,20.51738699,0.0001686370636,0.20549958755091674,False
23921366,4,36.04676893,0.05793345584,1.22012866689877,True
4302981,2,20.24081719,0.0006386161978,0.20759331927873606,False
49426091,2,22.40940872,0.0002480022327,0.21984051010351852,False
336769860,2,22.11859112,0.004102250287,0.2512766435996497,False
108227172,4,21.44761811,0.001116626327,0.6204590223775527,False
125117826,2,37.70173727,0.001457710412,0.340695496816747,False
55688276,2,30.24041693,0.001032545161,0.2831650018112081,False
48995065,4,24.25368676,5.85e-05,0.6314976658091146,True
373748555,2,20.51951753,0.004696853898,0.24491319618746776,False
47402473,4,26.09813001,0.00404010138,0.6794471488768595,True
114813863,4,23.42795539,0.004661842117,0.6655921223865772,True
4709154,3,24.38164457,0.002623056221,0.45473404204461787,False
170245270,2,28.63325165,0.0006498237921,0.2682398541024488,False
27926548,4,26.06840046,0.001601871317,0.6580185758514129,True
1107307400,2,35.59233991,0.03761381047,0.640056831963407,True
976910580,2,20.33808403,0.001645378379,0.21705451439342915,False
301760209,2,21.47811845,0.002114349595,0.22935987219381151,False
29369536,2,38.29739479,0.005629173574,0.3812872597179387,False
24620627,2,23.12652153,0.004631488957,0.2631532720936572,False
183110639,2,25.88848756,0.003570997132,0.2738531464259182,False
591962064,2,38.25819408,0.001607431367,0.34601283732050636,False
153736547,2,22.81444728,0.006969011086,0.28123960794350655,False
27299476,2,24.66002174,0.007197170942,0.2965400308555241,False
339191446,2,20.21504473,0.001245061222,0.2126838184597364,False
75533431,2,22.43759849,0.001810173725,0.23363573227551895,False
849739467,2,20.42692424,5.74e-06,0.20342962118563848,False
827101979,4,35.67541407,0.05355546428,1.179358261210017,True
673840441,2,20.36054989,0.0006824122302,0.2088382086618482,False
4483518,4,27.42490991,0.0005463662586,0.6586218695537885,True
170214416,2,21.94282182,0.0003903109615,0.21771239103859938,False
4990114,4,29.19597185,0.001238363279,0.6774203709936942,True
52016331,2,23.37718136,0.003491910643,0.255046687666533,False
4864466,2,20.52147005,0.001875688113,0.2203814268456941,False
91583574,2,38.94466656,0.00191033369,0.35360097477669494,False
740856808,2,25.01424719,0.001593103128,0.25033687197655297,False
28874254,2,26.27347328,0.001285548992,0.25674592138483493,False
34754315,4,21.10469036,0.002609043177,0.6309698296837367,True
513354004,2,20.690587,0.003457489803,0.23536419308857254,False
13752595,2,20.42226378,0.003024969024,0.22966512401711364,False
789925251,2,25.03276863,0.001544005065,0.2500433159100063,False
455483996,4,34.0638589,0.0113131057,0.8001971677970959,True
3573993,2,28.20183866,0.007683561768,0.3263251258344479,False
25776055,2,20.92799421,0.001419294502,0.21934348108045315,False
311151526,4,28.53966445,0.001968221996,0.6790355144506564,True
242185816,2,20.44102435,0.0002586448579,0.2057317753653934,False
28341298,2,20.89828362,0.007793826048,0.27459142468817943,False
151460763,2,21.48023245,0.0003549760448,0.21406750537673075,False
721696097,2,20.56836671,0.001982208638,0.22164656615717054,False
4372939,1,21.22992062,0.001211206557,0.0197113025122582,False
114444358,4,23.9458553,0.0007519222116,0.6353099440900997,True
98102474,2,22.8497945,0.00376058287,0.25357935342576443,False
109756027,2,33.37744691,0.01261340879,0.4065583278159911,False
45179937,2,25.20565438,0.004532973311,0.27729647687584447,False
23927299,2,23.12804362,0.0037714955,0.25568178800823405,False
391856984,2,24.34766615,0.004795552354,0.27339093360255384,False
27299116,2,39.72312984,0.03815818601,0.6745957015313007,True
27034714,4,29.15550761,0.0006449243219,0.6719651535913773,True
27421977,2,26.77923018,0.001630517274,0.263396246852168,False
824409135,2,22.28646675,2.68e-06,0.21681906638045753,False
153147602,2,21.32286127,0.0003820968997,0.21316808509340787,False
28472322,4,28.2719704,0.0004012409027,0.6634704907305798,True
25776155,2,24.01673241,0.02556692621,0.45172691238948803,False
29100808,2,20.10023986,0.00429218124,0.2383673293671169,False
179079135,2,28.82778251,0.001078198616,0.27337046000664006,False
104625957,2,28.91846543,0.03115967293,0.5357518127594771,False
170174838,2,22.11872119,0.001400005834,0.22776641363504663,False
303418230,2,27.21481638,0.001129093717,0.26217618753357685,False
544331561,2,37.77917342,0.004287656111,0.36587642336453746,False
50815080,2,27.93185339,0.002248086431,0.2770853215448214,False
99339649,2,21.31535251,0.0005816717222,0.21485033373027648,False
53397092,2,20.92874336,0.008702467517,0.28271691581759867,False
863256907,2,21.96517601,0.007251417232,0.2775694628926796,False
53309255,2,20.97660358,0.001536388657,0.22071297411087537,False
172917568,2,24.11447913,0.0001277896893,0.23109618483789404,False
908667377,2,21.77853987,0.004151508694,0.24925184884545418,False
1059031389,2,24.50387791,0.000326671018,0.23563597440009867,False
117996488,2,21.23919844,0.0001171619157,0.21025938631569874,False
124180466,2,21.99081059,0.0005371173491,0.21933592109106356,False
908035864,2,20.97371808,0.002342265953,0.227703778105029,False
559948201,2,26.25632279,0.003650205648,0.2771961349496819,False
892600481,2,71.1976016,0.002747802896,0.5935831966370738,False
102309160,2,21.22309877,0.001053340011,0.21828854995365823,False
98123767,2,20.32551934,0.0002449500493,0.2047792864941812,False
309649480,2,24.91061224,0.0006838960126,0.24167852110193105,False
30328381,2,32.92409043,0.0004067415699,0.29708206957326183,False
4893540,2,31.5905172,0.0002582620216,0.28616885664766806,False
53764419,2,20.8011394,0.002477249925,0.22763311469159653,False
56461782,2,23.51562634,0.006695463053,0.28391838088479016,False
98737792,2,20.10410235,0.001902499115,0.2176035098871493,False
221302166,2,23.35074298,0.003258441134,0.25282461572897624,False
43449057,2,20.56551024,0.0002439023865,0.20650163711341352,False
142815162,2,21.25148364,0.002271510253,0.2290921598546061,False
95783372,1,25.57299308,0.00402797782,0.07555295330633899,False
30411912,2,26.43312517,0.0002471216217,0.2488628152774232,False
98683744,2,23.38983046,0.01356254671,0.34275859911530177,False
570205217,2,23.0568455,4.49e-05,0.22274446907569698,False
238072265,2,22.3737635,0.004543977852,0.2569609377412328,False
355386446,2,20.1559973,0.008676507811,0.2769159080917265,False
32836879,2,25.62352293,0.001260205842,0.25183621410930157,False
486279167,2,34.52733608,1.76e-05,0.305263261786775,False
1059058003,2,21.17883646,0.001197746698,0.21922563591165628,False
42530164,2,23.15833875,0.00962907652,0.3068648721491262,False
92787403,2,20.19387528,0.007654406351,0.2682962832791943,False
104432199,4,24.46043576,0.0008459329674,0.6398404460900002,True
880247497,2,20.24957671,0.0004578510225,0.2060837498763709,False
97936211,4,20.94711263,0.0009643904882,0.6155234737511328,False
135066146,2,20.85114223,0.004445286202,0.24511698206653715,False
42274752,4,26.02271478,0.002525405462,0.6657242748132575,True
20516599,2,26.50613521,0.004216818095,0.2839283328502487,False
111486703,2,21.06337654,0.0004575457217,0.2119524273329336,False
112953880,2,21.37841135,9.06e-05,0.2110326629684985,False
343547555,2,20.62781943,0.0010124852,0.21363831755436713,False
53309190,2,20.73608644,0.004877824318,0.2480502317246919,False
71936818,2,22.88917566,0.002370578288,0.24176959296202138,False
4263573,2,21.42235593,0.004317294145,0.2481245174065262,False
30565248,2,26.42748061,0.001003970279,0.25540713449818986,False
4357049,2,38.26065276,0.001073519858,0.34138522151066925,False
100222868,4,30.15494626,4.07e-05,0.6739186998379595,True
344925068,2,21.16176593,0.002465406346,0.23013188595847178,False
543586633,1,28.84638164,0.007999920417,0.13372783211330053,False
974994534,2,20.56931634,0.0007432144882,0.21087341566185286,False
72472581,2,33.31841764,0.009800525691,0.3816586566453023,False
7971852,2,20.80336954,0.00097278219,0.2145594212416649,False
670345762,2,20.42956245,0.004567871199,0.2431419680918501,False
79301610,2,32.27798021,0.002409470036,0.30984552287542155,False
1121558255,2,20.15010272,0.003313846034,0.23021496504514583,False
246354005,2,21.44893674,0.0003130619026,0.21347703725107725,False
715837088,2,21.15091685,0.0001997808346,0.21034129459922157,False
682228595,2,20.28951517,0.001100586677,0.21196408514152157,False
494337715,2,20.23448949,0.003342501797,0.2310731140787876,False
28996747,2,21.8527667,0.00272299704,0.23735845503641068,False
30328426,2,33.59212427,7.89e-06,0.2984314923077272,False
105561196,2,33.31859933,0.0002366296371,0.2984482616520954,False
53844080,1,32.765118,0.0185850141,0.2540971433144298,False
317318138,2,20.48426748,0.009786928319,0.2889456168620989,False
46887056,2,20.17793211,0.003208014245,0.22949494530162554,False
25862680,2,27.35337769,0.001499338013,0.26639721818381795,False
55806183,2,20.79556943,0.001415742387,0.2183571684886312,False
112499237,2,20.20537774,0.001029640085,0.21073977912047664,False
1390769262,2,21.03269439,0.004827636959,0.24975351300833076,False
47108001,2,23.08457749,0.001361067918,0.23439600794938334,False
29451510,2,22.12069773,0.001170840833,0.2257867990788251,False
23172186,2,22.22666349,0.008438747724,0.289786517106721,False
144484202,2,25.56110921,0.002940464973,0.2660051921281732,False
1343674544,2,20.35375264,0.00186299173,0.2190609273035188,False
338372697,2,30.45950001,0.003890543009,0.30961194131365843,False
275712981,2,20.1285305,0.002455688205,0.22259283317602704,False
150602882,2,20.94197088,0.005586496298,0.2557015060131688,False
186593866,2,21.85431601,0.0005636966102,0.21858240732973502,False
1022506651,2,21.24841528,5.57e-06,0.20935496572874265,False
11625686,2,21.22259055,7.3e-05,0.20975532962884988,False
27753151,4,40.59166238,0.002021279914,0.7664488796090183,True
570844294,2,20.84643774,0.003461837141,0.23652643622625596,False
11436992,2,50.48432639,0.003432757376,0.4501023414477363,False
50612573,4,24.00963256,9.79e-05,0.6300796882719115,True
206667349,2,20.05600627,0.001278718268,0.21182923805992904,False
723678785,2,27.90082563,0.00180635588,0.2730181409528594,False
141922197,2,21.00533256,0.0003815400002,0.21087236061426862,False
1017404625,2,20.62982037,0.005233133525,0.2503749582810347,False
116310102,2,24.33413361,0.0007041645349,0.23769574059797222,False
23518788,2,31.23421872,0.006752500866,0.3401020879588035,False
59260201,2,36.21372491,0.003179011665,0.3449362784813191,False
556482013,2,21.7463739,0.001731695001,0.22796593135146653,False
1369600138,2,30.77198584,1.09e-08,0.27801644460053293,False
153735565,2,21.38122125,0.00303384985,0.23666099734563842,False
95378308,2,22.05188635,0.0006820535443,0.2210375982352337,False
116305152,2,31.71087926,0.00183999398,0.3007992635519403,False
124166490,2,22.69177163,0.0003178528419,0.2224854207324684,False
921165989,2,20.79750115,0.000392506254,0.20946832931405754,False
28322905,2,23.62070774,0.01046464451,0.3174706817197086,False
836159854,2,25.02147944,0.002737038309,0.26034198162554817,False
1079803308,2,21.23774914,0.009240019179,0.2896233304503019,False
41443647,2,21.26677646,0.00429948793,0.2468471309982466,False
7980946,3,24.73705452,0.000482495326,0.43867404330704185,False
8426141,2,23.76447969,0.009193041263,0.307444234588522,False
32834747,2,20.2997791,0.001708701497,0.21732910484026993,False
158880872,2,39.67623154,0.01212758775,0.4477753249476863,False
190380770,2,20.75694932,0.007857052124,0.27412184327980504,False
550903150,2,23.45039543,0.001243806416,0.23601503378675764,False
5235848,2,20.62046576,0.009152128179,0.28440510175649436,False
273536976,2,20.78460572,0.0006967277695,0.21202220446566555,False
33973931,4,21.78036983,0.002016888277,0.6306925570532385,True
39160971,2,26.7096301,0.006487383382,0.30515178785398434,False
246869356,2,22.6562801,0.001062248745,0.22870605604734362,False
142814884,4,23.93837916,0.004493581157,0.6678107117929591,True
149583259,2,22.7372868,0.003140045266,0.24736858830841035,False
4947832,4,21.91304809,0.002093680641,0.6323179330915023,True
28312329,2,38.55889411,0.0001157763668,0.3352039976097432,False
28531650,2,26.55373315,0.02104126072,0.4306546102776754,False
24224171,2,26.26851461,0.00438833805,0.2837062957755652,False
682906525,2,20.1175045,0.009699827674,0.28554169799953644,False
56826635,2,21.16658594,0.001019747509,0.21758855082183198,False
80677211,2,26.51117299,0.00614763402,0.30076395053483285,False
587353903,2,22.91528505,0.0005814312754,0.2263912988321348,False
158030064,2,20.2357496,0.0006334508787,0.2075118166475019,False
357048138,4,48.15125106,2.97e-06,0.8034286342993889,True
4243613,2,26.93160866,0.001985681385,0.2675857576738134,False
151460833,2,20.26022854,0.0001607625268,0.20357574939605694,False
251433105,2,31.16173528,0.1139777895,1.2725042921925351,True
157475875,2,20.78988709,0.0003889059193,0.20938207094279662,False
101325103,2,21.07267667,0.001684771988,0.22269713918888215,False
713354191,2,20.27799487,0.008718046997,0.27815750193143635,False
886802457,2,33.5247532,0.0006098287844,0.3031826623535003,False
1304505949,2,22.91892416,0.01396433064,0.34285690869515417,False
134381163,2,32.67051801,0.003143082936,0.3190604490972645,False
172100020,2,21.76097307,0.001450001094,0.2256203520779273,False
29493810,2,30.67649453,0.001525393284,0.2905992554498539,False
252993720,4,21.25191594,0.009196348771,0.6893455807935205,True
154078403,2,21.21534334,1.74e-06,0.2090830377836931,False
55824443,2,20.48561555,0.0009290962998,0.21188682301115486,False
79175471,2,21.04033623,0.0004179779091,0.2114419340576038,False
94080239,2,22.89445327,0.003055161292,0.2477639574395835,False
42408060,2,20.18427426,0.00448635176,0.24066301508949717,False
842173722,2,20.14312336,0.001362468414,0.21318644017646396,False
43323977,2,25.88462332,0.0005413938038,0.24746587756529909,False
281840277,2,22.717421,0.0005499875495,0.22469018660473633,False
88790183,2,20.13948325,0.009078293122,0.2802925402235691,False
23949811,2,21.52999661,0.003946765337,0.2456772884946668,False
53309815,2,21.98222708,0.0001822058084,0.2161860474970497,False
157490180,2,22.03067374,0.008635583152,0.29008509474033767,False
140195426,2,28.02414469,0.002629228998,0.28106734884301166,False
82173699,2,25.73464442,0.001139088822,0.251584132325055,False
180786797,2,21.44187736,0.0006460987535,0.21632372876317096,False
1395884803,2,20.22507776,0.0008542407011,0.20935582795142713,False
4893540,2,31.5905172,0.0002582620216,0.28616885664766806,False
351436786,2,20.26313773,0.000845761494,0.2095566455310979,False
423519140,2,31.56731371,0.001617848825,0.2978306812352696,False
863483957,2,23.52172857,0.01432227414,0.35032029655805674,False
135629085,2,23.63894747,0.0007735999567,0.23328430114794263,False
92512281,2,31.88191929,0.002543693906,0.3081558854660395,False
52977445,2,32.61542028,0.0003014064196,0.2939386226431141,False
28738600,2,21.85297764,0.0001889314566,0.21531206686172535,False
23519700,2,22.74499274,0.004346748888,0.25792323906488396,False
36952897,2,21.66934678,0.0007363841408,0.21875039349572226,False
22770730,2,20.98569856,0.001249955287,0.2182864474683587,False
29451526,2,23.42508545,0.01639700458,0.3676744592484379,False
169686361,2,24.46559333,0.001354799666,0.24430510590673168,False
51339462,2,21.75861437,0.0003734278595,0.21623649356036187,False
34403875,4,23.3918082,0.0009119886306,0.6327053273098172,True
131355990,2,21.24869562,0.01006490017,0.2968792719280974,False
1254891492,2,25.25953849,0.0005944635064,0.2434178073816417,False
52132459,4,37.69327335,0.0004724921411,0.7320624345598866,True
158149166,4,22.80582602,0.003790742819,0.6535245432567659,True
198485701,2,22.4550277,0.005429032297,0.2652477471270317,False
39277068,2,23.63697546,0.001380690547,0.23855213060743918,False
7978474,4,32.87129076,0.002901335294,0.7184056158985791,True
98259719,2,21.61785542,0.006974951382,0.2726582230061171,False
28324280,2,28.73506019,0.008765568454,0.33958628265031865,False
124826156,2,20.02379053,0.01920723802,0.3675858242842283,False
170593001,2,20.9971162,0.000201334036,0.20924518055382593,False
157191812,2,20.31009311,0.008337190473,0.27507539844874357,False
439964384,2,20.32674751,0.002263505825,0.222350808932693,False
162565188,2,20.44496188,0.00252626235,0.22548983330411645,False
696234201,2,20.18399654,0.009736760293,0.28634275533349407,False
1121236786,2,21.48560297,0.0005041884332,0.2154044905745448,False
23297574,2,33.48247755,0.06422376833,0.8563575757648626,True
28773282,2,21.45120839,0.001738783014,0.2258980663676891,False
336769860,2,22.11859112,0.004102250287,0.2512766435996497,False
970786929,2,28.62779583,7.25e-05,0.26317742419515566,False
236957684,2,22.60385126,0.005552951866,0.2673996422155329,False
1180181184,2,21.80822818,0.0001738303424,0.21485782339827997,False
664388147,2,22.56980106,0.004061100964,0.2541739705679883,False
630175317,2,21.92962261,0.0006530826733,0.21990343603074042,False
46990639,2,31.31534427,0.004900151467,0.3245708205804176,False
33048853,2,23.97204281,0.001250246528,0.23983460379854585,False
1268189897,2,20.63416213,0.0001720163793,0.20637148899296603,False
8294763,2,33.91977904,0.008616199076,0.3756929466569019,False
194238832,2,28.20532637,0.003166299395,0.2870473617390117,False
178321574,2,35.45577489,0.0001087889778,0.31275508260798834,False
2679607,5,26.79278521,0.0007979664769,0.8562503448110819,True
4361078,3,25.75926992,0.01400650594,0.5637161443024821,False
89993886,2,20.62617884,0.006013783252,0.25714081255797333,False
246802256,2,61.97462189,0.0008445623217,0.5104826782675712,False
55949422,3,26.49575525,0.01462808147,0.5744377607109208,False
259436897,2,58.69912875,0.005131905803,0.5241534219989015,False
42272290,2,20.30560528,0.0001778844085,0.20405210041075186,False
24247758,2,21.13345565,0.0008565092967,0.21592925360901935,False
23649510,2,20.98628119,0.002329895875,0.22768679016838406,False
38860877,2,23.77878369,0.01062201765,0.3199803965552927,False
91900398,2,23.7249769,0.007618232388,0.29345743929573453,False
254467490,2,20.92673335,0.006197859017,0.2609107986429195,False
179463859,2,20.29017785,0.004681743681,0.24312710771353177,False
9222801,4,41.35260369,0.0009296133386,0.7624406918114643,True
242185816,2,20.44102435,0.0002586448579,0.2057317753653934,False
219864904,2,20.22433425,0.002994079031,0.22796835718281194,False
10852610,2,26.71190514,0.006056525778,0.3014194787137168,False
150868685,2,20.09667813,0.006492685891,0.25748735979366466,False
1235566347,2,35.49629018,3.75e-05,0.3124271314587713,False
49068526,2,23.7447028,0.000668591172,0.2331336554822187,False
331175318,2,20.1742542,0.0005749818863,0.20655942911445174,False
23172177,2,22.90469951,0.001414446033,0.23356266163517975,False
561765490,2,33.04701094,0.003417493021,0.32416427269549,False
158171521,4,20.76866689,0.001954229898,0.622848242814885,False
246374519,2,23.70159708,0.001843597756,0.24304593111132555,False
936978147,2,33.28064307,0.001119709518,0.30585774950152733,False
692673236,2,20.8245741,5.35e-05,0.20671409257019782,False
27237976,2,26.00072078,0.001505699347,0.25669353169123266,False
48115059,2,26.96069974,0.000295017393,0.2530858376958707,False
99142680,1,27.77785257,0.01170901227,0.15829005194383422,False
90799013,4,51.09901578,0.0006512976874,0.8303367610921835,True
26599298,2,33.32936289,0.0003816227108,0.2997874454947856,False
550853127,2,20.55026667,0.002998273655,0.23035636244680752,False
4302957,2,20.75161915,0.0004317052783,0.20947835909024556,False
991822074,2,32.51131919,0.001473730341,0.3033874932730948,False
55527473,4,20.26737721,0.0008986730593,0.610047594933055,False
1254891492,2,25.25953849,0.0005944635064,0.2434178073816417,False
104656418,4,26.83995676,0.0007147259712,0.6558664311266573,True
108351544,2,20.96902177,0.0008371562064,0.21457452640213065,False
53309173,2,22.16438495,0.0001223072171,0.21697911046253945,False
47402478,2,21.93483365,0.0008174711348,0.22137131168141372,False
1068670943,3,23.3738607,0.001669324566,0.43916512394155044,False
95344666,2,23.0440422,0.003978151136,0.2568737712903891,False
166219964,2,21.42740561,0.0007690619053,0.2172891733348663,False
229485088,2,20.73026145,0.006314621841,0.2605092174020117,False
28441556,2,30.81908677,0.001002679983,0.28708009453594496,False
80676892,2,20.21386518,0.006940186874,0.2622263613629473,False
95783377,2,21.3569582,0.001916217954,0.2267618698891447,False
981658075,2,20.57429379,0.0004943634942,0.20874417171717696,False
844761247,2,23.78792829,0.003865206759,0.2612580126529251,False
73955302,2,28.27976524,0.008520369143,0.33416807642390844,False
31406903,2,29.98318254,0.0009973575296,0.2810029752548912,False
28503068,2,33.38344797,0.00154697594,0.3103169349855079,False
26948964,2,26.73771175,0.0008180713675,0.25602793026078263,False
56002402,2,21.7874954,1.89e-05,0.21336025420083232,False
180345594,2,23.61887495,0.001379587486,0.23841194328742632,False
1326465508,2,20.76365833,0.002396860721,0.22666326454533187,False
641919099,2,21.1710002,0.001144016954,0.2187016181156997,False
16853495,2,21.37904803,0.005642966306,0.2593462164153718,False
99204002,2,21.89051693,0.005142495989,0.25868192291021475,False
4794437,2,21.06604203,0.001338408555,0.219635699866349,False
4243928,2,20.97595503,0.001416508573,0.21966526544833545,False
4308773,2,25.43165732,0.01221049049,0.3457260872829112,False
34387011,2,21.13329869,0.0006643920289,0.21425658424428032,False
53728963,2,20.80852597,0.002208841198,0.22535108770225498,False
41782550,2,21.5316451,0.01381297635,0.3315312115184253,False
23088387,2,23.54921795,0.008093265911,0.29632246881826885,False
70416779,2,37.04502037,0.0001624164152,0.3246876269366662,False
61015145,2,27.95770189,0.0002798246725,0.26014673806457284,False
52336398,2,21.13071542,0.000554205899,0.2132792604183768,False
26036876,2,21.1935027,0.002395169463,0.2297497541541306,False
245615970,2,20.02286528,0.0003575702506,0.20357558790724697,False
455487235,2,22.94016598,0.00109387717,0.23102939824773205,False
1017404626,2,22.42799378,0.00812371716,0.2884981004586472,False
37936127,4,27.2012823,0.0006648742923,0.6580395519919506,True
227670575,2,20.2267274,0.007308834019,0.26552661273168204,False
112798639,2,20.03807565,0.001063732825,0.20982936978867003,False
76159746,2,24.37802902,0.0004196821214,0.23553726364307398,False
98468842,4,21.53358495,0.001027078425,0.6203001274703165,False
967778651,4,98.03445183,4.53e-05,1.1636900028628103,True
65033755,4,21.47532878,6.11e-05,0.6114752266732194,False
259866199,2,22.26281672,0.002806791101,0.24104590826184752,False
934501189,2,20.70448442,0.004601629241,0.245419167198865,False
22663870,2,22.79633089,0.0003269561368,0.22331899017948348,False
634250279,2,20.42718734,0.001470731292,0.2161778336148993,False
30778463,2,20.51552559,0.002733164695,0.22779910645085788,False
29022443,2,20.60241902,0.002617402132,0.2274188131499229,False
393918254,2,23.78035122,0.006597693825,0.2849776437414693,False
607016785,2,20.38719766,0.004955930676,0.24621267141025632,False
993302469,2,20.25237855,0.0006091345479,0.20742022293045315,False
160393771,4,20.34653216,0.0002064265428,0.6045957100897442,False
1069462074,4,20.16306875,0.003564869433,0.6324925673255914,True
106509097,2,20.51249396,4.79e-05,0.20441379993213474,False
623236388,2,20.4280022,0.004408192067,0.24174140587780246,False
577205344,2,20.22338603,0.001325911378,0.213447444035637,False
169332184,6,22.76989288,0.0002752251732,1.0226781566643985,True
106768827,4,31.16414626,0.0003937789021,0.6842717910622446,True
106976357,2,21.84931116,0.001062019432,0.22288201004979977,False
166219900,2,26.20739554,0.001753519679,0.2603408186034438,False
91138372,2,20.79573486,0.001223650778,0.21668704832297672,False
251713110,2,20.77610238,0.0004073427426,0.20944302975344048,False
111563031,4,23.48778851,0.000593291029,0.6306249351364553,True
27421968,2,21.01102572,0.002656464393,0.23070665939801907,False
4271664,2,22.94552487,0.003017742055,0.24780685437858893,False
29565858,2,40.65777353,0.001873471408,0.36563982891057234,False
31759697,4,22.18549319,0.0005197987441,0.6205898181612933,False
44660376,2,20.25559145,0.003132221974,0.22939579649674705,False
819754088,4,20.80088526,0.003237732134,0.6342479383630639,True
736305183,3,25.4360932,0.0003548612395,0.4426069139956307,False
921700482,2,20.38326023,0.001938040035,0.21992678199887244,False
52013373,2,23.67208599,0.0005675482703,0.2317306112717337,False
1169792564,2,20.2615139,0.005049101629,0.24611654280773335,False
27422089,2,30.10535532,1.41e-05,0.27332947918446854,False
693661417,2,26.74146227,0.004051745274,0.2841899166702215,False
634047988,2,38.38753326,1.65e-06,0.33297470920788835,False
4709409,2,20.36439759,0.007462348329,0.2678555316612722,False
972163645,2,20.57416862,0.0007015648452,0.21054604628197793,False
12799522,4,42.1513132,0.0006408668622,0.7656908834527605,True
539666079,2,23.1663276,0.002766295567,0.2472121459227038,False
108398721,2,24.94825063,0.006092446398,0.28900774545838126,False
67480204,2,20.58383157,0.007092558445,0.2662212886243301,False
25862164,4,20.9002512,0.001042682753,0.6158665721610045,False
30911120,2,20.94796158,0.006166183528,0.2607883582727106,False
48955502,2,20.77061796,0.007080457645,0.26746361486399095,False
47419246,2,21.44497391,0.003677367226,0.24271994672631098,False
30161675,2,52.59171616,0.002851588219,0.46025003308896867,False
157331506,2,20.04979106,0.0007889273445,0.2075229185042316,False
27422086,2,27.8018697,0.0007227304931,0.26287600295059316,False
28206769,2,20.44152921,3.22e-05,0.20376520995503314,False
10403920,2,38.5910425,6.4e-05,0.33498545323224366,False
179633652,2,20.03219558,0.005042743311,0.24440675527827688,False
27034736,2,27.52350349,0.001286337967,0.2657713975279945,False
157375129,2,21.56240326,0.0003887565605,0.21495425535257334,False
4243612,2,23.20281398,0.0006419712253,0.22899247243031967,False
822116418,2,20.79677071,0.001795820995,0.2216727501726338,False
32806691,2,20.35762403,0.002606131031,0.22555462166215087,False
25935850,2,22.96993943,0.0003806813556,0.22503896834194906,False
666841276,2,20.27999085,0.00455039721,0.2419108173208066,False
329637636,2,24.36971463,0.006761093817,0.2906514119146086,False
26137549,2,21.55902674,0.001674486159,0.22611652332440646,False
23961396,2,29.96589495,0.006461931504,0.3284233635842566,False
32404914,2,22.94847771,0.008248190123,0.29333623402026365,False
159447273,2,24.07218758,0.003363086432,0.25894011049971377,False
169800560,2,20.0873372,0.003839596824,0.23433648098485083,False
47483703,2,22.46674917,0.0009162044686,0.22606797049460098,False
135622376,2,20.43632072,0.001413853507,0.21574885706432834,False
30177168,2,20.45367162,0.001480113385,0.21645054005324574,False
4270595,2,34.40197277,0.0002210637801,0.30612905973944554,False
104432204,2,26.71478207,0.0007611676323,0.25536740209098985,False
142237056,2,23.27899692,0.0004027098008,0.2274603908757106,False
643157814,2,26.42474453,0.004046114941,0.28185590115481124,False
69583031,2,20.11501096,0.003281216174,0.22967788839643427,False
787467856,2,21.68837079,0.0009588427363,0.22082317123087308,False
921542697,2,36.15383185,0.005408325908,0.3639005553745127,False
131593584,2,32.81777713,0.0001745101258,0.294294494777024,False
28811051,1,25.22506926,0.003717606463,0.07034236277846106,False
837585768,2,21.02947011,0.002547131397,0.22988846692724418,False
51996835,2,22.77145308,0.001542379314,0.2337144238967991,False
693411683,2,22.93969954,0.001561257031,0.23509252174491652,False
53138047,2,20.98170277,0.0005296126994,0.2119902008550124,False
24053890,2,21.0039738,0.003662039528,0.23940489637752352,False
34613910,2,20.39037631,0.0002299051478,0.20511631125901594,False
53309175,2,21.38746365,0.004477152641,0.24926364558501113,False
273590743,2,24.72838523,0.01049334149,0.325711940170752,False
952535955,2,20.5695418,0.0001503706077,0.2057169403723316,False
681043081,2,20.58118647,0.0007060366715,0.2106355856744286,False
5073937,2,20.36288622,0.001432342156,0.2153799105613609,False
99345474,2,20.32987154,0.00030982728,0.20537515769704737,False
212584992,2,23.28798878,0.001429329495,0.2364574796036584,False
764484149,2,26.46610236,0.01037434423,0.33721372538621996,False
675456183,2,22.07978177,0.001354144696,0.2270864570596652,False
94057148,2,26.81113625,1.26e-05,0.24954957686550525,False
36297581,4,21.41114548,0.0002761213592,0.6128829789151288,False
27421956,2,21.46946709,0.00346990765,0.2410916336919623,False
22770730,2,20.98569856,0.001249955287,0.2182864474683587,False
563501842,2,20.8215272,0.003799644865,0.23928584620264287,False
169922807,2,21.17375601,0.0002450319382,0.21089978471900736,False
98087357,2,33.5549581,0.004569377621,0.33785106244089325,False
153005779,4,28.85705672,0.0007275949152,0.670531199893372,True
57016687,2,20.53975123,0.0006424886272,0.20978373563951722,False
165944758,2,25.17260825,0.001430338951,0.25006325465486906,False
23519463,2,27.38378965,0.006057947706,0.30627930553642796,False
511851762,2,26.16292743,0.006330514935,0.29984263316684284,False
166606701,2,23.49034731,0.001288982063,0.2366963307842437,False
185227306,2,22.82881329,0.0006526766463,0.2263873077459767,False
388980610,2,22.1554705,0.005365086028,0.2625301559445143,False
125734958,2,20.25899784,0.003716746384,0.23450609010106288,False
71396621,2,24.20430201,0.0006161787772,0.23599351307473257,False
623976639,2,22.75921587,0.01012944099,0.308338789225513,False
258044979,2,21.22659115,0.004401938767,0.24744858996527824,False
157258937,2,22.68994309,0.0007676811349,0.22638600776212858,False
71937917,2,21.4272655,0.002823669212,0.23516449424465313,False
105251300,2,40.14379068,0.005019059621,0.38930011761490246,False
105276046,2,26.26720402,0.001410973402,0.25779195902492896,False
107016755,2,20.13468566,0.003422298587,0.23104733844980024,False
5545341,2,32.80883055,0.0001020517679,0.29359951602006307,False
4243609,4,26.88955167,0.001386755815,0.6620713121689358,True
48734496,2,30.81941016,0.002351790621,0.2988205098518707,False
28908393,2,25.29550525,0.00633883362,0.29365680705352404,False
121380996,2,35.71024959,0.0007164572133,0.31987812783130476,False
57886930,2,29.55850321,0.003099574401,0.2962295988647667,False
164878464,2,22.75942116,0.006088904579,0.27318514889095064,False
373216371,3,19.95846851,0.07336316201,1.0383039835305157,True
27997202,4,23.04146892,0.003577764049,0.6533715949126329,True
148282906,2,20.20871552,0.001549184019,0.2152842081056916,False
169405726,2,20.5289103,0.0006927761855,0.2101430537277401,False
32506737,2,21.49405603,9.44e-06,0.21116086505884293,False
23519207,2,20.52194058,0.001888652032,0.22049761555651087,False
151359912,2,22.02267343,0.001386051096,0.22695204173162972,False
4243609,4,31.94088292,0.002096123436,0.7046871562532574,True
32869999,4,22.64183839,0.008290001775,0.6914877055227913,True
23212160,2,33.86497098,0.01211514216,0.4057404526047212,False
77711239,2,25.75631429,0.003370314904,0.271153496665357,False
82995055,2,20.74516218,0.001746398052,0.22087039971323413,False
846584625,2,21.02471147,0.001097537817,0.21724178990723184,False
229487783,2,21.53135565,0.01139189542,0.3104642482964774,False
192228090,2,20.48765053,0.0001474793083,0.20510096214522067,False
122115945,2,21.33015058,0.001028356524,0.21884352672769422,False
338245731,2,25.23564532,0.001877735532,0.25441067119579386,False
52021374,2,49.06706594,0.0001957998745,0.4117137146139232,False
1224738546,2,20.1728871,0.004782451725,0.24315710955587116,False
29108844,2,21.90574988,0.006613803658,0.2715930948564835,False
339665427,2,20.43429318,0.001240382257,0.21422492368070067,False
4243925,1,24.94671036,0.009250522625,0.11647381458835249,False
10852550,2,22.40479844,0.0005536172823,0.22246628484353542,False
749089267,2,20.11736507,0.004732762375,0.24232420640696595,False
4483878,4,32.1189556,0.001484229363,0.700648049703828,True
57884305,2,21.01158375,0.003607711398,0.23898711226127442,False
90799129,2,20.05467722,0.004320084385,0.23828138222238177,False
713833753,2,20.73374882,0.005000749463,0.2491028899026454,False
24158828,2,22.42811614,0.004536749141,0.25729018236567025,False
19821323,2,22.99688277,0.0003085229982,0.2246055353121699,False
246786459,2,20.98166313,0.007578771549,0.2733218792921849,False
1047010173,2,21.5534191,0.006864703298,0.27123410802046966,False
29086079,2,40.58749531,0.0009092659991,0.35674361876740923,False
541633397,2,20.38015825,0.006704374531,0.2613744078102793,False
558963696,2,21.24066732,0.0006436384683,0.2148506497136949,False
127506892,4,33.98513239,0.003657881625,0.7330240783920382,True
32376934,2,27.37396624,0.003045137128,0.2799951500917287,False
23087102,2,30.66821831,0.0008626617263,0.28477337771383565,False
1249813063,2,34.88240865,0.002076937205,0.3257424939002455,False
28957492,2,24.47408123,0.001014835998,0.2414084532422836,False
50425513,2,20.50876295,0.001184828623,0.2142788514747005,False
157402554,2,20.10466437,0.005451138621,0.24848288423864115,False
100281065,2,29.24612189,0.02626522159,0.4955310606156307,False
